Country or Area;Year;Quantity
Albania;2014;1007.22
Albania;2013;1167.0
Albania;2012;920.07
Albania;2011;597.81
Albania;2010;586.47
Albania;2009;221.23
Albania;2008;240.2
Albania;2007;244.0
Albania;2006;63.0
Albania;2005;0.0
Albania;2004;0.0
Algeria;2014;23550.0
Algeria;2013;28130.0
Algeria;2012;31881.0
Algeria;2011;32424.0
Algeria;2010;32974.0
Algeria;2009;34731.0
Algeria;2008;39179.0
Algeria;2007;43248.0
Algeria;2006;43954.0
Algeria;2005;44940.0
Algeria;2004;41280.0
Algeria;2003;33725.0
Algeria;2002;25420.0
Algeria;2001;19583.0
Algeria;2000;20561.0
Algeria;1999;19289.0
Algeria;1998;19294.0
Algeria;1997;17280.0
Algeria;1996;18171.0
Algeria;1995;15417.0
Algeria;1994;15469.0
Algeria;1993;14289.0
Algeria;1992;15634.0
Algeria;1991;16182.0
Algeria;1990;14007.0
Angola;2014;81274.0
Angola;2013;83510.0
Angola;2012;83371.0
Angola;2011;78947.0
Angola;2010;85997.0
Angola;2009;88622.0
Angola;2008;92469.0
Angola;2007;82943.0
Angola;2006;67934.0
Angola;2005;60302.0
Angola;2004;47105.0
Angola;2003;41430.0
Angola;2002;42668.0
Angola;2001;34367.0
Angola;2000;34310.0
Angola;1999;34448.0
Angola;1998;34386.0
Angola;1997;32723.0
Angola;1996;30794.0
Angola;1995;28065.0
Angola;1994;25500.0
Angola;1993;23700.0
Angola;1992;25000.0
Angola;1991;23250.0
Angola;1990;22000.0
Argentina;2014;1979.0
Argentina;2013;1932.0
Argentina;2012;3080.0
Argentina;2011;3057.0
Argentina;2010;2861.0
Argentina;2009;4680.0
Argentina;2008;2835.0
Argentina;2007;2922.0
Argentina;2006;4495.0
Argentina;2005;7653.0
Argentina;2004;9013.0
Argentina;2003;11802.0
Argentina;2002;13683.0
Argentina;2001;14767.0
Argentina;2000;14249.0
Argentina;1999;13817.0
Argentina;1998;16496.0
Argentina;1997;17104.0
Argentina;1996;16691.0
Argentina;1995;13920.0
Argentina;1994;10467.0
Argentina;1993;4454.0
Argentina;1992;3042.0
Argentina;1991;1272.0
Argentina;1990;917.0
Australia;2014;11099.0
Australia;2013;11715.0
Australia;2012;13021.0
Australia;2011;14826.0
Australia;2010;13661.0
Australia;2009;12503.0
Australia;2008;11654.0
Australia;2007;11698.0
Australia;2006;9409.0
Australia;2005;11389.0
Australia;2004;12973.0
Australia;2003;15556.0
Australia;2002;19128.0
Australia;2001;19421.0
Australia;2000;15338.0
Australia;1999;9906.0
Australia;1998;10551.0
Australia;1997;8866.0
Australia;1996;8059.0
Australia;1995;8704.0
Australia;1994;7153.0
Australia;1993;7812.0
Australia;1992;7035.0
Australia;1991;7210.0
Australia;1990;5348.0
Austria;2001;63.0
Austria;2000;61.0
Austria;1999;51.0
Austria;1998;44.0
Austria;1997;25.0
Austria;1996;51.0
Azerbaijan;2014;32903.0
Azerbaijan;2013;34260.0
Azerbaijan;2012;34728.0
Azerbaijan;2011;37268.0
Azerbaijan;2010;42659.0
Azerbaijan;2009;44332.0
Azerbaijan;2008;36858.0
Azerbaijan;2007;34780.0
Azerbaijan;2006;24820.0
Azerbaijan;2005;14296.0
Azerbaijan;2004;9048.0
Azerbaijan;2003;8997.0
Azerbaijan;2002;8881.0
Azerbaijan;2001;8462.0
Azerbaijan;2000;5638.0
Azerbaijan;1999;5684.0
Azerbaijan;1998;1903.0
Azerbaijan;1997;233.0
Azerbaijan;1996;0.0
Azerbaijan;1995;0.0
Azerbaijan;1994;0.0
Bahrain;2014;7693.0
Bahrain;2013;7120.0
Bahrain;2012;6649.0
Bahrain;2011;7475.0
Bahrain;2010;7524.0
Bahrain;2009;7579.0
Bahrain;2008;7442.0
Bahrain;2007;7369.0
Bahrain;2006;7393.0
Bahrain;2005;7496.0
Bahrain;2004;7510.0
Bahrain;1990;0.0
Barbados;2014;29.0
Barbados;2013;34.3
Barbados;2012;37.6
Barbados;2011;39.8
Barbados;2010;42.2
Barbados;2009;38.3
Barbados;2008;39.5
Barbados;2007;46.0
Barbados;2006;49.863
Barbados;2005;63.377
Barbados;2004;63.377
Barbados;2003;63.377
Barbados;2002;80.0
Barbados;2001;63.0
Barbados;2000;77.0
Barbados;1999;99.0
Barbados;1998;69.0
Belarus;2014;1617.0
Belarus;2013;1619.0
Belarus;2012;1645.0
Belarus;2011;1676.0
Belarus;2010;0.0
Belarus;2009;1716.0
Belarus;2008;1453.0
Belarus;2007;851.0
Belarus;2006;1138.0
Belarus;2005;1346.0
Belarus;2004;1051.0
Belarus;2003;801.0
Belarus;2002;601.0
Belarus;2001;401.0
Belarus;2000;351.0
Belarus;1999;350.0
Belarus;1998;382.0
Belarus;1997;400.0
Belarus;1996;300.0
Belarus;1995;200.0
Belarus;1994;250.0
Belarus;1993;284.0
Belarus;1992;1058.0
Belize;2014;88.701277
Belize;2013;100.844917
Belize;2012;132.025437
Belize;2011;192.349835
Belize;2010;206.690307
Belize;2009;192.437352
Belize;2008;172.539007
Belize;2007;144.165485
Belize;2006;112.6
Benin;2000;35.0
Benin;1999;49.0
Benin;1998;49.0
Benin;1997;90.0
Benin;1996;112.0
Benin;1995;130.0
Benin;1994;177.0
Benin;1993;210.0
Benin;1992;128.0
Benin;1991;185.0
Benin;1990;193.0
Bolivia (Plur. State of);2014;453.0
Bolivia (Plur. State of);2013;353.0
Bolivia (Plur. State of);2012;0.0
Bolivia (Plur. State of);2011;0.0
Bolivia (Plur. State of);2010;0.0
Bolivia (Plur. State of);2009;0.0
Bolivia (Plur. State of);2008;0.0
Bolivia (Plur. State of);2007;139.0
Bolivia (Plur. State of);2006;204.0
Bolivia (Plur. State of);2005;217.0
Bolivia (Plur. State of);2004;241.0
Bolivia (Plur. State of);2003;133.0
Bolivia (Plur. State of);2002;91.0
Bolivia (Plur. State of);2001;126.0
Bolivia (Plur. State of);2000;173.0
Bolivia (Plur. State of);1994;67.0
Bolivia (Plur. State of);1993;63.0
Bolivia (Plur. State of);1992;17.0
Bolivia (Plur. State of);1991;49.0
Bolivia (Plur. State of);1990;0.0
Brazil;2014;26318.0
Brazil;2013;20142.0
Brazil;2012;27051.0
Brazil;2011;30660.0
Brazil;2010;32028.0
Brazil;2009;26660.0
Brazil;2008;21970.0
Brazil;2007;21373.0
Brazil;2006;18666.0
Brazil;2005;13923.0
Brazil;2004;12262.0
Brazil;2003;12262.0
Brazil;2002;11917.0
Brazil;2001;5618.0
Brazil;2000;1646.0
Brazil;1999;30.0
Brazil;1998;0.0
Brazil;1997;130.0
Brazil;1996;104.0
Brazil;1995;677.0
Brazil;1994;0.0
Brazil;1993;0.0
Brazil;1992;0.0
Brazil;1991;0.0
Brazil;1990;0.0
Brunei Darussalam;2014;5362.0
Brunei Darussalam;2013;5822.0
Brunei Darussalam;2012;6920.0
Brunei Darussalam;2011;6740.0
Brunei Darussalam;2010;7342.0
Brunei Darussalam;2009;7064.0
Brunei Darussalam;2008;8162.0
Brunei Darussalam;2007;8523.0
Brunei Darussalam;2006;10345.3582
Brunei Darussalam;2005;9544.1555
Brunei Darussalam;2004;9551.7955
Brunei Darussalam;2003;9809.1031
Brunei Darussalam;2002;9511.3247
Brunei Darussalam;2001;9050.0
Brunei Darussalam;2000;9058.0
Brunei Darussalam;1999;8373.0
Brunei Darussalam;1998;7136.0
Brunei Darussalam;1997;7920.0
Brunei Darussalam;1996;8030.0
Brunei Darussalam;1995;8369.0
Brunei Darussalam;1994;8684.0
Brunei Darussalam;1993;8489.0
Brunei Darussalam;1992;8800.0
Brunei Darussalam;1991;8079.0
Brunei Darussalam;1990;7333.0
Cameroon;2014;3257.0
Cameroon;2013;2875.0
Cameroon;2012;2650.0
Cameroon;2011;2559.0
Cameroon;2010;2821.0
Cameroon;2009;3237.0
Cameroon;2008;3826.0
Cameroon;2007;3926.0
Cameroon;2006;4505.0
Cameroon;2005;4157.0
Cameroon;2004;4648.0
Cameroon;2003;4957.0
Cameroon;2002;5146.0
Cameroon;2001;5452.0
Cameroon;2000;5717.0
Cameroon;1999;5427.0
Cameroon;1998;6114.0
Cameroon;1997;5456.0
Cameroon;1996;5280.0
Cameroon;1995;4945.0
Cameroon;1994;3830.0
Cameroon;1993;6170.0
Cameroon;1992;6620.0
Cameroon;1991;7010.0
Cameroon;1990;7410.0
Canada;2014;120996.0
Canada;2013;109803.0
Canada;2012;95715.0
Canada;2011;89540.0
Canada;2010;78760.0
Canada;2009;75017.0
Canada;2008;76926.0
Canada;2007;73877.0
Canada;2006;78978.0
Canada;2005;74472.0
Canada;2004;67130.0
Canada;2003;60993.0
Canada;2002;57150.0
Canada;2001;56844.0
Canada;2000;58425.0
Canada;1999;51870.0
Canada;1998;56777.0
Canada;1997;51625.0
Canada;1996;48178.0
Canada;1995;44887.0
Canada;1994;41945.0
Canada;1993;38978.0
Canada;1992;34540.0
Canada;1991;31960.0
Canada;1990;27061.0
Chad;2014;5039.6
Chad;2013;4775.4
Chad;2012;5119.0
Chad;2011;5644.1
Chad;2010;6023.3
Chad;2009;5871.2
Chad;2008;6232.2809
Chad;2007;7104.8024
Chad;2006;7806.2715
Chad;2005;8740.6357
Chad;2004;8439.5189
Chad;2003;1728.092784
China;2014;600.2
China;2013;1617.3
China;2012;2432.1
China;2011;2514.3
China;2010;3030.0
China;2009;5073.0
China;2008;4238.0
China;2007;3884.0
China;2006;6337.0
China;2005;8067.0
China;2004;5492.0
China;2003;8133.0
China;2002;7665.0
China;2001;7550.0
China;2000;10310.0
China;1999;7167.0
China;1998;15600.0
China;1997;19830.0
China;1996;20402.0
China;1995;18227.0
China;1994;18491.0
China;1993;19430.0
China;1992;21510.0
China;1991;22598.0
China;1990;23990.0
Colombia;2014;33073.0
Colombia;2013;38365.0
Colombia;2012;31445.0
Colombia;2011;30118.0
Colombia;2010;23695.0
Colombia;2009;17672.0
Colombia;2008;13041.0
Colombia;2007;11681.0
Colombia;2006;11294.0
Colombia;2005;11791.0
Colombia;2004;11271.0
Colombia;2003;11589.0
Colombia;2002;14545.0
Colombia;2001;15258.0
Colombia;2000;19844.0
Colombia;1999;23581.0
Colombia;1998;21525.0
Colombia;1997;17933.0
Colombia;1996;16668.0
Colombia;1995;16172.0
Colombia;1994;9753.0
Colombia;1993;10188.0
Colombia;1992;9287.0
Colombia;1991;8785.0
Colombia;1990;9682.0
Congo;2014;11637.0
Congo;2013;11551.0
Congo;2012;12884.0
Congo;2011;13586.0
Congo;2010;14984.0
Congo;2009;13446.0
Congo;2008;11461.0
Congo;2007;10626.0
Congo;2006;13245.0
Congo;2005;11716.0
Congo;2004;10656.0
Congo;2003;10133.0
Congo;2002;11250.0
Congo;2001;11587.0
Congo;2000;12821.0
Congo;1999;13171.0
Congo;1998;12243.0
Congo;1997;11020.0
Congo;1996;9790.0
Congo;1995;8710.0
Congo;1994;8878.0
Congo;1993;8960.0
Congo;1992;7920.0
Congo;1991;7405.0
Congo;1990;7421.0
Costa Rica;2013;0.0
Costa Rica;2012;64.3257683215
Costa Rica;2011;0.0
Costa Rica;2010;0.0
Côte d'Ivoire;2014;888.0
Côte d'Ivoire;2013;1234.0
Côte d'Ivoire;2012;1433.0
Côte d'Ivoire;2011;1623.0
Côte d'Ivoire;2010;1921.0
Côte d'Ivoire;2009;2164.0
Côte d'Ivoire;2008;2076.0
Côte d'Ivoire;2007;2400.0
Côte d'Ivoire;2006;2998.0
Côte d'Ivoire;2005;1970.0
Côte d'Ivoire;2004;1278.0
Côte d'Ivoire;2003;1184.0
Côte d'Ivoire;2002;329.0
Côte d'Ivoire;2001;242.0
Côte d'Ivoire;2000;339.0
Côte d'Ivoire;1999;470.0
Côte d'Ivoire;1998;505.0
Côte d'Ivoire;1997;706.0
Côte d'Ivoire;1996;860.0
Côte d'Ivoire;1995;420.0
Côte d'Ivoire;1994;310.0
Côte d'Ivoire;1993;314.0
Côte d'Ivoire;1992;378.0
Côte d'Ivoire;1991;388.0
Côte d'Ivoire;1990;25.0
Croatia;2000;35.0
Croatia;1999;130.0
Croatia;1998;40.0
Croatia;1997;40.0
Croatia;1996;111.0
Croatia;1995;250.0
Croatia;1994;218.0
Croatia;1993;524.0
Croatia;1992;627.0
Cuba;1991;0.0
Cuba;1990;74.0
Czechia;2014;27.0
Czechia;2013;25.0
Czechia;2012;21.0
Czechia;2011;19.0
Czechia;2010;20.0
Czechia;2009;21.0
Czechia;2008;20.0
Czechia;2007;17.0
Czechia;2006;42.0
Czechia;2005;58.0
Czechia;2004;64.0
Czechia;2003;133.0
Czechia;2002;140.0
Czechia;2001;119.0
Czechia;2000;111.0
Czechia;1999;109.0
Czechia;1998;103.0
Czechia;1997;91.0
Czechia;1996;84.0
Czechia;1995;102.0
Czechia;1994;222.0
Czechia;1993;65.0
Czechia;1992;40.0
Czechoslovakia (former);1991;0.0
Czechoslovakia (former);1990;0.0
Dem. Rep. of the Congo;2014;1061.0
Dem. Rep. of the Congo;2013;1129.0
Dem. Rep. of the Congo;2012;1197.0
Dem. Rep. of the Congo;2011;1205.0
Dem. Rep. of the Congo;2010;1109.0
Dem. Rep. of the Congo;2009;1109.0
Dem. Rep. of the Congo;2008;1139.0
Dem. Rep. of the Congo;2007;1215.0
Dem. Rep. of the Congo;2006;1261.0
Dem. Rep. of the Congo;2005;1269.0
Dem. Rep. of the Congo;2004;1393.0
Dem. Rep. of the Congo;2003;1286.0
Dem. Rep. of the Congo;2002;1181.0
Dem. Rep. of the Congo;2001;1218.0
Dem. Rep. of the Congo;2000;1186.0
Dem. Rep. of the Congo;1999;1174.0
Dem. Rep. of the Congo;1998;1130.0
Dem. Rep. of the Congo;1997;1128.0
Dem. Rep. of the Congo;1996;1125.0
Dem. Rep. of the Congo;1995;1130.0
Dem. Rep. of the Congo;1994;1133.0
Dem. Rep. of the Congo;1993;1012.0
Dem. Rep. of the Congo;1992;1020.0
Dem. Rep. of the Congo;1991;1117.0
Dem. Rep. of the Congo;1990;1150.0
Denmark;2014;4799.0
Denmark;2013;6165.0
Denmark;2012;6059.0
Denmark;2011;7275.0
Denmark;2010;7702.0
Denmark;2009;8557.0
Denmark;2008;8656.0
Denmark;2007;9402.0
Denmark;2006;11568.0
Denmark;2005;13627.0
Denmark;2004;14940.0
Denmark;2003;13352.0
Denmark;2002;13727.0
Denmark;2001;11932.0
Denmark;2000;13395.0
Denmark;1999;11015.0
Denmark;1998;8288.0
Denmark;1997;7030.0
Denmark;1996;5241.0
Denmark;1995;4753.0
Denmark;1994;5909.0
Denmark;1993;5115.0
Denmark;1992;4426.0
Denmark;1991;4254.0
Denmark;1990;2769.0
Ecuador;2014;20283.37
Ecuador;2013;18310.97
Ecuador;2012;16858.0
Ecuador;2011;15808.86
Ecuador;2010;16219.81
Ecuador;2009;14702.26
Ecuador;2008;18217.0
Ecuador;2007;17717.0
Ecuador;2006;19644.0
Ecuador;2005;18818.0
Ecuador;2004;18506.0
Ecuador;2003;13224.0
Ecuador;2002;12058.0
Ecuador;2001;12758.0
Ecuador;2000;12387.0
Ecuador;1999;12112.0
Ecuador;1998;12277.0
Ecuador;1997;12780.0
Ecuador;1996;11056.0
Ecuador;1995;12686.0
Ecuador;1994;12421.0
Ecuador;1993;11404.0
Ecuador;1992;10643.0
Ecuador;1991;9337.0
Ecuador;1990;8911.0
Egypt;2014;9945.0
Egypt;2013;11752.0
Egypt;2012;9530.0
Egypt;2011;4678.0
Egypt;2010;6824.0
Egypt;2009;5437.0
Egypt;2008;4975.0
Egypt;2007;1474.0
Egypt;2006;1803.0
Egypt;2005;2055.0
Egypt;2004;962.0
Egypt;2003;787.0
Egypt;2002;2420.0
Egypt;2001;2409.0
Egypt;2000;2140.0
Egypt;1999;2819.0
Egypt;1998;2791.0
Egypt;1997;6148.0
Egypt;1996;6685.0
Egypt;1995;8369.0
Egypt;1994;8346.0
Egypt;1993;19610.0
Egypt;1992;21171.0
Egypt;1991;20631.0
Egypt;1990;19113.0
El Salvador;2014;0.0
El Salvador;2013;11.0
Equatorial Guinea;2014;13511.22
Equatorial Guinea;2013;12822.94
Equatorial Guinea;2012;13072.32
Equatorial Guinea;2011;11965.09
Equatorial Guinea;2010;12773.07
Equatorial Guinea;2009;15406.0
Equatorial Guinea;2008;17397.0
Equatorial Guinea;2007;17457.0
Equatorial Guinea;2006;17088.0
Equatorial Guinea;2005;17915.0
Equatorial Guinea;2004;17383.0
Equatorial Guinea;2003;12546.391753
Equatorial Guinea;2002;11287.800687
Equatorial Guinea;2001;9661.512027
Equatorial Guinea;2000;5770.618557
Equatorial Guinea;1999;4999.140893
Equatorial Guinea;1998;4338.487973
Equatorial Guinea;1997;2940.721649
Equatorial Guinea;1996;841.838488
Equatorial Guinea;1995;311.254296
Equatorial Guinea;1994;242.0
Equatorial Guinea;1993;222.0
Equatorial Guinea;1992;125.0
Equatorial Guinea;1991;0.0
Fiji;2014;0.0
Fiji;2013;0.0
Fiji;2012;0.0
Fiji;2011;0.0
Fiji;2010;0.0
Fiji;2009;0.0
Fiji;2008;0.0002
Finland;1992;4.0
France;2014;20.0
France;2013;68.0
France;2012;183.0
France;2011;461.0
France;2010;0.0
Gabon;2014;10792.0
Gabon;2013;10770.0
Gabon;2012;11884.0
Gabon;2011;11482.0
Gabon;2010;12156.0
Gabon;2009;10586.0
Gabon;2008;10734.0
Gabon;2007;11372.0
Gabon;2006;11267.0
Gabon;2005;12643.0
Gabon;2004;12921.0
Gabon;2003;12664.0
Gabon;2002;11941.0
Gabon;2001;12396.0
Gabon;2000;13177.0
Gabon;1999;15055.0
Gabon;1998;17009.0
Gabon;1997;18057.0
Gabon;1996;17796.0
Gabon;1995;17651.0
Gabon;1994;16526.0
Gabon;1993;14757.0
Gabon;1992;13546.0
Gabon;1991;13819.0
Gabon;1990;11909.0
Georgia;2014;51.3
Georgia;2013;57.0
Georgia;2012;37.0
Georgia;2011;49.0
Georgia;2010;58.0
Georgia;2009;60.0
Georgia;2008;35.0
Georgia;2007;58.0
Georgia;2006;60.0
Georgia;2005;64.0
Georgia;2004;52.0
Georgia;2003;72.0
Georgia;2002;51.0
Georgia;2001;70.0
Georgia;2000;75.0
Georgia;1999;40.0
Georgia;1998;54.0
Georgia;1997;131.0
Georgia;1996;113.0
Georgia;1995;0.0
Georgia;1994;0.0
Germany;2014;30.0
Germany;2013;34.0
Germany;2012;194.0
Germany;2011;375.0
Germany;2010;706.0
Germany;2009;110.0
Germany;2008;135.0
Germany;2007;690.0
Germany;2006;548.0
Germany;2005;703.0
Germany;2004;1108.0
Germany;2003;647.0
Germany;2002;1322.0
Germany;2001;1030.0
Germany;2000;3217.0
Germany;1999;1741.0
Germany;1998;1389.0
Germany;1997;3583.0
Germany;1996;1778.0
Germany;1995;763.0
Germany;1994;1121.0
Germany;1993;108.0
Germany;1992;208.0
Germany, Fed. R. (former);1990;0.0
Ghana;2014;5386.1
Ghana;2013;5108.7
Ghana;2012;4202.1
Ghana;2011;3887.1
Ghana;2010;0.0
Ghana;2009;0.0
Ghana;1990;0.0
Greece;2014;59.0
Greece;2013;145.0
Greece;2012;258.0
Greece;2011;684.0
Greece;2010;847.0
Greece;2009;998.0
Greece;2008;1063.0
Greece;2007;1056.0
Greece;2006;1054.0
Greece;2005;918.0
Greece;2004;812.0
Greece;2003;1105.0
Greece;2002;387.0
Greece;2001;0.0
Greece;2000;0.0
Greece;1999;116.0
Greece;1998;0.0
Greece;1997;204.0
Greece;1996;260.0
Greece;1995;632.0
Greece;1994;425.0
Greece;1993;723.0
Greece;1992;470.0
Greece;1991;678.0
Greece;1990;1233.0
Guatemala;2014;410.8
Guatemala;2013;440.4
Guatemala;2012;488.0
Guatemala;2011;527.0
Guatemala;2010;555.0
Guatemala;2009;631.0
Guatemala;2008;706.0
Guatemala;2007;708.0
Guatemala;2006;831.0
Guatemala;2005;892.0
Guatemala;2004;1043.0
Guatemala;2003;1231.0
Guatemala;2002;1259.0
Guatemala;2001;1061.0
Guatemala;2000;934.06
Guatemala;1999;1047.0
Guatemala;1998;1205.0
Guatemala;1997;892.0
Guatemala;1996;641.0
Guatemala;1995;407.0
Guatemala;1994;232.0
Guatemala;1993;295.0
Guatemala;1992;248.0
Guatemala;1991;159.0
Guatemala;1990;164.0
Hungary;2014;10.0
Hungary;2013;61.0
Hungary;2012;0.0
Hungary;2011;0.0
Hungary;2010;0.0
Hungary;2008;475.0
Hungary;2007;596.0
Hungary;2006;811.0
Hungary;2005;344.0
Hungary;2004;136.0
Hungary;2003;0.0
Hungary;2002;0.0
Hungary;2001;0.0
Hungary;2000;0.0
Hungary;1999;0.0
Hungary;1998;0.0
Hungary;1997;54.0
Hungary;1996;15.0
Indonesia;2014;11091.0
Indonesia;2013;10450.0
Indonesia;2012;15757.0
Indonesia;2011;18520.0
Indonesia;2010;18048.0
Indonesia;2009;18257.0
Indonesia;2008;13698.0
Indonesia;2007;17416.0
Indonesia;2006;15027.0
Indonesia;2005;16056.0
Indonesia;2004;20250.0
Indonesia;2003;22626.0
Indonesia;2002;25262.0
Indonesia;2001;29412.0
Indonesia;2000;26145.0
Indonesia;1999;33477.0
Indonesia;1998;36914.0
Indonesia;1997;38977.0
Indonesia;1996;38255.0
Indonesia;1995;40588.0
Indonesia;1994;43528.0
Indonesia;1993;37980.0
Indonesia;1992;39478.0
Indonesia;1991;40731.0
Indonesia;1990;33820.0
Iran (Islamic Rep. of);2014;53415.0
Iran (Islamic Rep. of);2013;50915.80756
Iran (Islamic Rep. of);2012;56475.945017
Iran (Islamic Rep. of);2011;110700.171821
Iran (Islamic Rep. of);2010;111997.42268
Iran (Islamic Rep. of);2009;109264.604811
Iran (Islamic Rep. of);2008;117837.628866
Iran (Islamic Rep. of);2007;124109.965636
Iran (Islamic Rep. of);2006;121000.0
Iran (Islamic Rep. of);2005;119000.0
Iran (Islamic Rep. of);2004;127109.0
Iran (Islamic Rep. of);2003;127913.0
Iran (Islamic Rep. of);2002;107342.0
Iran (Islamic Rep. of);2001;108706.0
Iran (Islamic Rep. of);2000;119207.0
Iran (Islamic Rep. of);1999;105766.0
Iran (Islamic Rep. of);1998;108649.0
Iran (Islamic Rep. of);1997;119631.0
Iran (Islamic Rep. of);1996;119958.0
Iran (Islamic Rep. of);1995;121021.0
Iran (Islamic Rep. of);1994;120376.0
Iran (Islamic Rep. of);1993;129116.0
Iran (Islamic Rep. of);1992;126095.0
Iran (Islamic Rep. of);1991;120177.0
Iran (Islamic Rep. of);1990;110000.0
Iraq;2014;123677.0
Iraq;2013;117466.0
Iraq;2012;119328.0
Iraq;2011;106931.0
Iraq;2010;93223.0
Iraq;2009;94012.0
Iraq;2008;91451.0
Iraq;2007;81040.0
Iraq;2006;74480.0
Iraq;2005;69153.0
Iraq;2004;73890.0
Iraq;2003;49125.0
Iraq;2002;71281.0
Iraq;2001;90189.0
Iraq;2000;102506.0
Iraq;1999;100637.0
Iraq;1998;79685.0
Iraq;1997;36867.0
Iraq;1996;4327.0
Iraq;1995;3119.0
Iraq;1994;2938.0
Iraq;1993;2899.0
Iraq;1992;2973.0
Iraq;1991;2120.0
Iraq;1990;78159.0
Ireland;2013;0.0
Ireland;2012;0.0
Ireland;2011;39.0
Ireland;2010;92.0
Ireland;2009;0.0
Ireland;2008;0.0
Ireland;2007;0.0
Ireland;2006;0.0
Ireland;2005;0.0
Ireland;2004;0.0
Ireland;2003;85.0
Ireland;2002;87.0
Italy;2014;358.0
Italy;2013;522.0
Italy;2012;881.0
Italy;2011;440.0
Italy;2010;369.0
Italy;2009;375.0
Italy;2008;978.0
Italy;2007;1213.0
Italy;2006;913.0
Italy;2005;801.0
Italy;2004;530.0
Italy;2003;675.0
Italy;2002;0.0
Italy;2001;0.0
Italy;2000;0.0
Italy;1999;0.0
Italy;1998;100.0
Italy;1997;220.0
Italy;1996;91.0
Italy;1995;146.0
Italy;1994;444.0
Italy;1993;420.0
Italy;1992;246.0
Italy;1991;554.0
Italy;1990;859.0
Kazakhstan;2014;53879.0
Kazakhstan;2013;58078.0
Kazakhstan;2012;57943.0
Kazakhstan;2011;57621.0
Kazakhstan;2010;52962.0
Kazakhstan;2009;57579.0
Kazakhstan;2008;48979.0
Kazakhstan;2007;46306.0
Kazakhstan;2006;48232.0
Kazakhstan;2005;41959.0
Kazakhstan;2004;41738.0
Kazakhstan;2003;38638.0
Kazakhstan;2002;34911.0
Kazakhstan;2001;28525.0
Kazakhstan;2000;24701.0
Kazakhstan;1999;20697.0
Kazakhstan;1998;16260.0
Kazakhstan;1997;17018.0
Kazakhstan;1996;13505.0
Kazakhstan;1995;9782.0
Kazakhstan;1994;7964.0
Kazakhstan;1993;13749.0
Kazakhstan;1992;13613.0
Kenya;2014;0.0
Kenya;2013;18.0
Kenya;2012;27.0
Kenya;2011;89.0
Kenya;2010;80.0
Kuwait;2014;101123.0
Kuwait;2013;102646.0
Kuwait;2012;101296.0
Kuwait;2011;87897.0
Kuwait;2010;68829.0
Kuwait;2009;67154.0
Kuwait;2008;87806.0
Kuwait;2007;80596.0
Kuwait;2006;86179.0
Kuwait;2005;82762.02
Kuwait;2004;71027.46
Kuwait;2003;62100.14
Kuwait;2002;48843.72
Kuwait;2001;61941.26
Kuwait;2000;60744.81
Kuwait;1999;48030.0
Kuwait;1998;60266.0
Kuwait;1997;53737.0
Kuwait;1996;59880.0
Kuwait;1995;57433.0
Kuwait;1994;63532.0
Kuwait;1993;73022.0
Kuwait;1992;37580.0
Kuwait;1991;6436.0
Kuwait;1990;32620.0
Kyrgyzstan;2013;1.0
Kyrgyzstan;2012;0.0
Kyrgyzstan;2011;2.0
Kyrgyzstan;2010;0.0
Kyrgyzstan;2009;6.0
Kyrgyzstan;2008;53.0
Kyrgyzstan;2007;2.0
Kyrgyzstan;2006;0.0
Kyrgyzstan;2005;0.0
Kyrgyzstan;2004;0.0
Kyrgyzstan;2003;0.0
Kyrgyzstan;1998;0.0
Kyrgyzstan;1997;40.0
Kyrgyzstan;1996;21.0
Kyrgyzstan;1995;25.0
Kyrgyzstan;1994;69.0
Kyrgyzstan;1993;61.0
Kyrgyzstan;1992;86.0
Libya;2014;16425.0
Libya;2013;41689.0
Libya;2012;61807.0
Libya;2011;14420.0
Libya;2010;64789.0
Libya;2009;63087.0
Libya;2008;69354.0
Libya;2007;70818.0
Libya;2006;68509.0
Libya;2005;65845.0
Libya;2004;59898.0
Libya;2003;52856.0
Libya;2002;41416.0
Libya;2001;46511.0
Libya;2000;47869.0
Libya;1999;44406.0
Libya;1998;53892.0
Libya;1997;50062.0
Libya;1996;50285.0
Libya;1995;50764.0
Libya;1994;52204.0
Libya;1993;53450.0
Libya;1992;56926.0
Libya;1991;58815.0
Libya;1990;54300.0
Lithuania;2014;63.0
Lithuania;2013;67.0
Lithuania;2012;79.0
Lithuania;2011;80.0
Lithuania;2010;111.0
Lithuania;2009;113.0
Lithuania;2008;129.0
Lithuania;2007;155.0
Lithuania;2006;115.0
Lithuania;2005;148.0
Lithuania;2004;193.0
Lithuania;2003;288.0
Lithuania;2002;124.0
Lithuania;2001;351.0
Lithuania;2000;311.0
Lithuania;1999;228.0
Lithuania;1998;265.0
Lithuania;1997;193.0
Lithuania;1996;123.0
Lithuania;1995;8.0
Lithuania;1994;0.0
Malaysia;2014;11432.0
Malaysia;2013;10421.0
Malaysia;2012;11584.0
Malaysia;2011;11020.0
Malaysia;2010;16381.0
Malaysia;2009;15960.0
Malaysia;2008;14495.0
Malaysia;2007;16388.0
Malaysia;2006;18288.0
Malaysia;2005;18353.56
Malaysia;2004;18596.09
Malaysia;2003;19401.0
Malaysia;2002;18732.0
Malaysia;2001;18647.0
Malaysia;2000;17856.0
Malaysia;1999;18995.0
Malaysia;1998;19291.0
Malaysia;1997;15872.0
Malaysia;1996;17494.0
Malaysia;1995;19164.0
Malaysia;1994;19339.0
Malaysia;1993;21339.0
Malaysia;1992;22916.0
Malaysia;1991;22653.0
Malaysia;1990;22499.0
Mauritania;2014;306.0
Mauritania;2013;300.0
Mauritania;2012;353.9
Mauritania;2011;131.2
Mauritania;2010;494.0
Mauritania;2009;266.8
Mauritania;2008;510.0
Mauritania;2007;648.0
Mauritania;2006;1433.0
Mauritania;2005;0.0
Mauritania;2004;0.0
Mauritania;2003;0.0
Mexico;2014;59823.0
Mexico;2013;62912.0
Mexico;2012;66181.0
Mexico;2011;70361.0
Mexico;2010;71612.0
Mexico;2009;64964.0
Mexico;2008;74755.0
Mexico;2007;89551.0
Mexico;2006;99134.0
Mexico;2005;100111.0
Mexico;2004;105180.0
Mexico;2003;104702.0
Mexico;2002;96860.0
Mexico;2001;92740.0
Mexico;2000;91611.0
Mexico;1999;83063.0
Mexico;1998;90886.0
Mexico;1997;89880.0
Mexico;1996;80191.0
Mexico;1995;70781.0
Mexico;1994;71087.0
Mexico;1993;73360.0
Mexico;1992;74847.0
Mexico;1991;74849.0
Mexico;1990;69631.0
Mongolia;2014;814.8
Mongolia;2013;620.6
Mongolia;2012;422.2
Mongolia;2011;302.2
Mongolia;2010;245.1
Mongolia;2009;229.4
Mongolia;2008;160.6
Mongolia;2007;113.9
Mozambique;2014;59.0
Mozambique;2013;49.0
Mozambique;2012;35.0
Mozambique;2011;31.0
Mozambique;2010;30.0
Mozambique;2009;27.0
Mozambique;2008;28.0
Mozambique;2007;25.0
Mozambique;2006;25.0
Mozambique;2005;21.0
Mozambique;2004;13.0
Myanmar;2014;240.59
Myanmar;2013;235.64
Myanmar;2012;139.52
Myanmar;2011;0.0
Myanmar;2010;0.0
Myanmar;2009;94.03
Myanmar;2008;0.0
Myanmar;2007;141.74
Myanmar;2006;111.48
Myanmar;2005;163.27
Myanmar;2004;0.0
Myanmar;2003;31.0
Myanmar;2002;277.0
Myanmar;2001;165.0
Myanmar;2000;92.0
Myanmar;1999;21.0
Neth. Antilles (former);1996;1020.0
Neth. Antilles (former);1995;1010.0
Neth. Antilles (former);1994;995.0
Neth. Antilles (former);1993;935.0
Neth. Antilles (former);1992;550.0
Neth. Antilles (former);1991;700.0
Neth. Antilles (former);1990;700.0
Netherlands;2014;614.0
Netherlands;2013;544.0
Netherlands;2012;506.0
Netherlands;2011;378.0
Netherlands;2010;572.0
Netherlands;2009;669.0
Netherlands;2008;939.0
Netherlands;2007;876.0
Netherlands;2006;651.0
Netherlands;2005;1005.0
Netherlands;2004;1154.0
Netherlands;2003;1287.0
Netherlands;2002;917.0
Netherlands;2001;412.0
Netherlands;2000;323.0
Netherlands;1999;409.0
Netherlands;1998;395.0
Netherlands;1997;748.0
Netherlands;1996;1213.0
Netherlands;1995;1576.0
Netherlands;1994;1492.0
Netherlands;1993;825.0
Netherlands;1992;977.0
Netherlands;1991;1178.0
Netherlands;1990;1261.0
New Zealand;2014;1679.0
New Zealand;2013;1464.0
New Zealand;2012;1763.0
New Zealand;2011;2036.0
New Zealand;2010;2342.0
New Zealand;2009;2275.0
New Zealand;2008;2543.0
New Zealand;2007;1608.0
New Zealand;2006;675.0
New Zealand;2005;622.0
New Zealand;2004;722.0
New Zealand;2003;898.0
New Zealand;2002;1093.0
New Zealand;2001;1268.0
New Zealand;2000;1217.0
New Zealand;1999;1409.0
New Zealand;1998;1539.0
New Zealand;1997;1674.0
New Zealand;1996;1225.0
New Zealand;1995;956.0
New Zealand;1994;1125.0
New Zealand;1993;1045.0
New Zealand;1992;887.0
New Zealand;1991;985.0
New Zealand;1990;880.0
Nigeria;2014;103178.0
Nigeria;2013;101606.0
Nigeria;2012;110770.0
Nigeria;2011;109611.0
Nigeria;2010;115294.0
Nigeria;2009;102559.0
Nigeria;2008;96597.0
Nigeria;2007;105577.0
Nigeria;2006;109066.0
Nigeria;2005;112554.0
Nigeria;2004;117077.0
Nigeria;2003;106131.0
Nigeria;2002;88452.0
Nigeria;2001;103357.0
Nigeria;2000;105280.0
Nigeria;1999;94226.0
Nigeria;1998;94169.0
Nigeria;1997;102393.0
Nigeria;1996;92932.0
Nigeria;1995;84416.0
Nigeria;1994;84062.0
Nigeria;1993;83455.0
Nigeria;1992;82216.0
Nigeria;1991;77852.0
Nigeria;1990;74892.0
Norway;2014;64072.0
Norway;2013;60702.0
Norway;2012;65256.0
Norway;2011;72045.0
Norway;2010;79238.0
Norway;2009;87944.0
Norway;2008;91299.0
Norway;2007;98511.0
Norway;2006;100035.0
Norway;2005;111821.0
Norway;2004;124383.0
Norway;2003;132777.0
Norway;2002;139746.0
Norway;2001;147518.0
Norway;2000;143764.0
Norway;1999;133520.0
Norway;1998;134399.0
Norway;1997;140321.0
Norway;1996;138835.0
Norway;1995;122749.0
Norway;1994;111918.0
Norway;1993;98641.0
Norway;1992;91462.0
Norway;1991;80770.0
Norway;1990;66602.0
Oman;2014;39221.0
Oman;2013;40497.0
Oman;2012;37507.0
Oman;2011;36064.0
Oman;2010;36379.0
Oman;2009;32657.0
Oman;2008;29034.0
Oman;2007;30286.0
Oman;2006;31812.0
Oman;2005;35762.0
Oman;2004;35967.0
Oman;2003;37997.0
Oman;2002;41767.0
Oman;2001;45228.0
Oman;2000;44660.0
Oman;1999;42135.0
Oman;1998;40889.0
Oman;1997;41507.0
Oman;1996;40341.0
Oman;1995;38773.0
Oman;1994;36892.0
Oman;1993;36343.0
Oman;1992;34327.0
Oman;1991;31944.0
Oman;1990;31193.0
Pakistan;2014;24.0
Pakistan;2013;25.0
Pakistan;2004;41.0
Pakistan;2003;110.0
Pakistan;2002;240.0
Pakistan;2001;433.0
Pakistan;2000;356.0
Pakistan;1999;434.0
Pakistan;1998;227.0
Pakistan;1997;472.0
Pakistan;1996;289.0
Pakistan;1995;307.0
Pakistan;1994;291.0
Pakistan;1993;445.0
Pakistan;1992;369.0
Pakistan;1991;341.0
Pakistan;1990;272.0
Papua New Guinea;2014;803.782506
Papua New Guinea;2013;793.808511
Papua New Guinea;2012;747.281324
Papua New Guinea;2011;0.0
Papua New Guinea;2010;442.0
Papua New Guinea;2009;1920.0
Papua New Guinea;2008;2054.0
Papua New Guinea;2007;1469.0
Papua New Guinea;2006;2482.0
Papua New Guinea;2005;2344.0
Papua New Guinea;2004;2035.0
Papua New Guinea;2003;2362.0
Papua New Guinea;2002;2551.9968
Papua New Guinea;2001;3057.227477
Papua New Guinea;2000;3654.342218
Papua New Guinea;1999;4657.494984
Papua New Guinea;1998;3821.534346
Papua New Guinea;1997;3558.80386
Papua New Guinea;1996;4944.11006
Papua New Guinea;1995;4705.264164
Papua New Guinea;1994;5684.53234
Papua New Guinea;1993;5320.0
Papua New Guinea;1992;5220.0
Papua New Guinea;1991;4900.0
Papua New Guinea;1990;4500.0
Peru;2014;763.0
Peru;2013;718.0
Peru;2012;768.0
Peru;2011;802.0
Peru;2010;936.0
Peru;2009;944.0
Peru;2008;893.0
Peru;2007;1589.0
Peru;2006;1180.0
Peru;2005;638.0
Peru;2004;824.0
Peru;2003;1429.0
Peru;2002;1060.0
Peru;2001;925.0
Peru;2000;773.8
Peru;1999;1565.2
Peru;1998;2311.9
Peru;1997;2296.0
Peru;1996;1861.0
Peru;1995;1400.0
Peru;1994;35.0
Peru;1993;45.0
Peru;1992;43.0
Peru;1991;52.0
Peru;1990;159.0
Philippines;2014;387.0
Philippines;2013;189.7
Philippines;2012;191.4
Philippines;2011;334.4
Philippines;2010;357.2
Philippines;2009;261.4
Philippines;2008;68.937
Philippines;2007;0.0
Philippines;2006;0.0
Philippines;2005;0.0
Philippines;2004;0.0
Philippines;2003;0.0
Philippines;1997;0.0
Philippines;1996;0.0
Philippines;1995;97.0
Philippines;1994;186.0
Philippines;1993;293.0
Philippines;1992;334.0
Philippines;1991;0.0
Philippines;1990;0.0
Poland;2014;420.0
Poland;2013;403.0
Poland;2012;211.0
Poland;2011;292.0
Poland;2010;211.0
Poland;2009;226.0
Poland;2008;247.0
Poland;2007;288.0
Poland;2006;282.0
Poland;2005;216.0
Poland;2004;138.0
Poland;2003;161.0
Poland;2002;497.0
Poland;2001;440.0
Poland;2000;129.0
Poland;1999;0.0
Poland;1998;0.0
Poland;1997;0.0
Poland;1996;1.0
Qatar;2014;30920.0
Qatar;2013;29133.0
Qatar;2012;31767.0
Qatar;2011;31863.0
Qatar;2010;31633.0
Qatar;2009;32138.0
Qatar;2008;37005.0
Qatar;2007;34299.0
Qatar;2006;33727.0
Qatar;2005;33935.0
Qatar;2004;33420.0
Qatar;2003;30824.0
Qatar;2002;27535.0
Qatar;2001;30056.0
Qatar;2000;29549.0
Qatar;1999;27520.0
Qatar;1998;27094.0
Qatar;1997;22010.0
Qatar;1996;17371.0
Qatar;1995;15762.0
Qatar;1994;15700.0
Qatar;1993;16576.0
Qatar;1992;17517.0
Qatar;1991;16203.0
Qatar;1990;16742.0
Republic of Moldova;2004;5.0
Republic of Moldova;2003;0.0
Republic of Moldova;2002;0.0
Republic of Moldova;2001;0.0
Republic of Moldova;2000;0.0
Romania;2014;51.0
Romania;2013;60.0
Romania;2012;49.0
Romania;2011;77.0
Romania;2010;78.0
Romania;2009;0.0
Romania;2008;0.0
Romania;2007;0.0
Russian Federation;2014;222846.0
Russian Federation;2013;233686.0
Russian Federation;2012;236716.0
Russian Federation;2011;244490.0
Russian Federation;2010;243260.0
Russian Federation;2009;248899.0
Russian Federation;2008;243098.0
Russian Federation;2007;258579.0
Russian Federation;2006;248445.0
Russian Federation;2005;252587.0
Russian Federation;2004;257624.0
Russian Federation;2003;227856.0
Russian Federation;2002;188385.0
Russian Federation;2001;162109.0
Russian Federation;2000;144414.0
Russian Federation;1999;134544.0
Russian Federation;1998;137236.0
Russian Federation;1997;126889.0
Russian Federation;1996;126450.0
Russian Federation;1995;122336.0
Russian Federation;1994;126725.0
Russian Federation;1993;127556.0
Russian Federation;1992;142450.0
Saudi Arabia;2014;353920.0
Saudi Arabia;2013;375945.0
Saudi Arabia;2012;370327.0
Saudi Arabia;2011;351154.0
Saudi Arabia;2010;288813.0
Saudi Arabia;2009;294854.0
Saudi Arabia;2008;356295.0
Saudi Arabia;2007;342940.0
Saudi Arabia;2006;350365.0
Saudi Arabia;2005;359312.0
Saudi Arabia;2004;339584.0
Saudi Arabia;2003;342871.9931
Saudi Arabia;2002;293307.0
Saudi Arabia;2001;300847.0
Saudi Arabia;2000;311673.0
Saudi Arabia;1999;305169.0
Saudi Arabia;1998;339077.0
Saudi Arabia;1997;325499.0
Saudi Arabia;1996;313898.0
Saudi Arabia;1995;323224.0
Saudi Arabia;1994;320373.0
Saudi Arabia;1993;326247.0
Saudi Arabia;1992;328066.0
Saudi Arabia;1991;325295.0
Saudi Arabia;1990;241742.0
Singapore;2014;0.1
Singapore;2013;0.1
Singapore;2012;0.0
Singapore;2011;0.2
Singapore;2010;40.3
Singapore;2009;46.0
Singapore;2008;1.0
Singapore;2007;0.0
Singapore;2006;0.0
Singapore;2005;0.0
Singapore;2004;0.0
Singapore;2003;0.0
Singapore;2002;0.0
Singapore;2001;0.0
Singapore;2000;0.0
Singapore;1999;0.0
Singapore;1998;1.0
Singapore;1997;135.0
Singapore;1996;63.0
Singapore;1995;6.0
Singapore;1994;66.0
Singapore;1993;0.0
Singapore;1992;22.0
Singapore;1991;1.0
Singapore;1990;19.0
Slovakia;2014;9.0
Slovakia;2013;10.0
Slovakia;2012;12.0
Slovakia;2011;15.0
Slovakia;2010;13.0
Slovakia;2009;15.0
Slovakia;2008;47.0
Slovakia;2007;22.0
Slovakia;2006;28.0
Slovakia;2005;33.0
Slovakia;2004;108.0
Slovakia;2003;17.0
Slovakia;2002;14.0
Slovakia;2001;17.0
Slovakia;2000;15.0
Slovakia;1999;24.0
Slovakia;1998;0.0
Slovakia;1997;0.0
Slovakia;1996;0.0
Slovakia;1995;0.0
Slovakia;1994;0.0
Slovakia;1993;16.0
Slovenia;2002;1.0
South Africa;2009;15.0
South Africa;2008;13.0
South Africa;2007;3048.0
South Africa;2006;488.0
South Africa;2005;5.0
South Africa;2004;1.0
South Africa;2003;0.0
South Africa;2002;106.0
South Africa;2001;184.0
South Africa;2000;178.0
South Africa;1999;1472.0
South Africa;1998;678.0
South Africa;1997;869.0
South Africa;1996;2.0
South Africa;1995;89.0
South Africa;1994;207.0
South Africa;1993;319.0
South Africa;1992;87.0
South Sudan;2014;7760.0
South Sudan;2013;4938.0
South Sudan;2012;1550.0
Sudan;2014;1788.0
Sudan;2013;2169.0
Sudan;2012;1315.0
Sudan (former);2011;18145.0
Sudan (former);2010;18115.0
Sudan (former);2009;18535.0
Sudan (former);2008;18391.0
Sudan (former);2007;18702.0
Sudan (former);2006;12573.0
Sudan (former);2005;11353.0
Sudan (former);2004;11217.0
Sudan (former);2003;9849.0
Sudan (former);2002;8946.0
Sudan (former);2001;7697.0
Sudan (former);2000;6622.0
Sudan (former);1999;1672.0
Sudan (former);1998;0.0
Sudan (former);1997;0.0
Sudan (former);1993;0.0
Sudan (former);1992;0.0
Sudan (former);1991;0.0
Sudan (former);1990;0.0
Suriname;2001;95.0
Suriname;2000;129.0
Suriname;1999;53.0
Suriname;1998;53.0
Suriname;1997;52.0
Suriname;1996;52.0
Suriname;1995;53.0
Suriname;1994;52.0
Suriname;1993;52.0
Suriname;1992;53.0
Suriname;1991;50.0
Suriname;1990;70.0
Sweden;2014;0.0
Sweden;2013;0.0
Sweden;2012;29.0
Sweden;2011;33.0
Sweden;2010;0.0
Sweden;2009;0.0
Sweden;2008;0.0
Sweden;2007;33.0
Sweden;2006;0.0
Sweden;2005;0.0
Sweden;2004;0.0
Sweden;2003;0.0
Sweden;2002;0.0
Sweden;2001;0.0
Sweden;2000;0.0
Sweden;1999;0.0
Sweden;1998;0.0
Sweden;1997;0.0
Sweden;1996;0.0
Sweden;1995;259.0
Sweden;1994;0.0
Sweden;1993;5.0
Sweden;1992;1.0
Sweden;1991;84.0
Syrian Arab Republic;2014;0.0
Syrian Arab Republic;2013;0.0
Syrian Arab Republic;2012;0.0
Syrian Arab Republic;2011;5332.0
Syrian Arab Republic;2010;8138.0
Syrian Arab Republic;2009;7172.0
Syrian Arab Republic;2008;7830.0
Syrian Arab Republic;2007;7638.0
Syrian Arab Republic;2006;8072.0
Syrian Arab Republic;2005;10199.0
Syrian Arab Republic;2004;11383.0
Syrian Arab Republic;2003;17844.0
Syrian Arab Republic;2002;24302.0
Syrian Arab Republic;2001;19613.0
Syrian Arab Republic;2000;16584.0
Syrian Arab Republic;1999;17602.0
Syrian Arab Republic;1998;16674.0
Syrian Arab Republic;1997;16752.0
Syrian Arab Republic;1996;17443.0
Syrian Arab Republic;1995;18371.0
Syrian Arab Republic;1994;17012.0
Syrian Arab Republic;1993;16905.0
Syrian Arab Republic;1992;13606.0
Syrian Arab Republic;1991;11824.0
Syrian Arab Republic;1990;11551.0
T.F.Yug.Rep. Macedonia;2014;7.274
Tajikistan;2013;4.0
Tajikistan;2012;0.0
Tajikistan;2011;0.0
Tajikistan;2010;4.0
Tajikistan;2009;4.0
Tajikistan;2008;2.0
Tajikistan;2007;2.0
Tajikistan;2006;5.0
Tajikistan;2005;5.0
Tajikistan;2004;4.0
Tajikistan;2003;5.0
Tajikistan;2002;5.0
Tajikistan;2001;3.0
Tajikistan;2000;5.0
Tajikistan;1999;6.0
Tajikistan;1998;5.0
Tajikistan;1997;0.0
Tajikistan;1996;0.0
Tajikistan;1995;0.0
Tajikistan;1994;10.0
Tajikistan;1993;0.0
Thailand;2014;334.0
Thailand;2013;1359.0
Thailand;2012;2052.0
Thailand;2011;1620.0
Thailand;2010;1471.0
Thailand;2009;2140.0
Thailand;2008;2388.0
Thailand;2007;2488.0
Thailand;2006;3320.0
Thailand;2005;3275.0
Thailand;2004;2827.0
Thailand;2003;3028.0
Thailand;2002;2435.0
Thailand;2001;1827.0
Thailand;2000;1506.0
Thailand;1999;0.0
Thailand;1998;0.0
Thailand;1997;0.0
Thailand;1996;0.0
Thailand;1995;0.0
Thailand;1994;0.0
Thailand;1993;0.0
Thailand;1992;0.0
Thailand;1991;0.0
Thailand;1990;0.0
Timor-Leste;2014;3346.6
Timor-Leste;2013;3957.9
Timor-Leste;2012;3964.8
Timor-Leste;2011;4176.7
Timor-Leste;2010;4379.0
Timor-Leste;2009;4801.3
Timor-Leste;2008;4987.9
Timor-Leste;2007;3914.4
Timor-Leste;2006;5032.5
Timor-Leste;2005;4709.5
Timor-Leste;2004;2589.0
Trinidad and Tobago;2014;1681.0
Trinidad and Tobago;2013;1761.0
Trinidad and Tobago;2012;1587.0
Trinidad and Tobago;2011;1989.0
Trinidad and Tobago;2010;2336.0
Trinidad and Tobago;2009;2762.0
Trinidad and Tobago;2008;2781.0
Trinidad and Tobago;2007;3061.0
Trinidad and Tobago;2006;3713.0
Trinidad and Tobago;2005;3737.0
Trinidad and Tobago;2004;3041.0
Trinidad and Tobago;2003;3624.0
Trinidad and Tobago;2002;3524.0
Trinidad and Tobago;2001;2500.0
Trinidad and Tobago;2000;2703.0
Trinidad and Tobago;1999;2867.0
Trinidad and Tobago;1998;2649.0
Trinidad and Tobago;1997;2552.0
Trinidad and Tobago;1996;3030.0
Trinidad and Tobago;1995;3016.0
Trinidad and Tobago;1994;3102.0
Trinidad and Tobago;1993;3071.0
Trinidad and Tobago;1992;3945.0
Trinidad and Tobago;1991;3737.0
Trinidad and Tobago;1990;3881.0
Tunisia;2014;2201.0
Tunisia;2013;2182.0
Tunisia;2012;2592.0
Tunisia;2011;2678.0
Tunisia;2010;3674.0
Tunisia;2009;3326.0
Tunisia;2008;3566.0
Tunisia;2007;3899.0
Tunisia;2006;2686.0
Tunisia;2005;2838.0
Tunisia;2004;2732.0
Tunisia;2003;2458.0
Tunisia;2002;2907.0
Tunisia;2001;2752.0
Tunisia;2000;2906.0
Tunisia;1999;3190.0
Tunisia;1998;2990.0
Tunisia;1997;2796.0
Tunisia;1996;3171.0
Tunisia;1995;3462.0
Tunisia;1994;3339.0
Tunisia;1993;3180.0
Tunisia;1992;4068.0
Tunisia;1991;3458.0
Tunisia;1990;3305.0
Turkmenistan;2014;3200.0
Turkmenistan;2013;3600.0
Turkmenistan;2012;3100.0
Turkmenistan;2011;2300.0
Turkmenistan;2010;1300.0
Turkmenistan;2009;2000.0
Turkmenistan;2008;2400.0
Turkmenistan;2007;1900.0
Turkmenistan;2006;1500.0
Turkmenistan;2005;2510.0
Turkmenistan;2004;3000.0
Turkmenistan;2003;2970.0
Turkmenistan;2002;2810.0
Turkmenistan;2001;2250.0
Turkmenistan;2000;1600.0
Turkmenistan;1999;1500.0
Turkmenistan;1998;1600.0
Turkmenistan;1997;1400.0
Turkmenistan;1996;200.0
Turkmenistan;1995;500.0
Turkmenistan;1994;70.0
Turkmenistan;1993;401.0
Turkmenistan;1992;8.0
Ukraine;2014;41.0
Ukraine;2013;0.0
Ukraine;2012;0.0
Ukraine;2011;0.0
Ukraine;2010;0.0
Ukraine;2009;8.0
Ukraine;2008;9.0
Ukraine;2007;4.0
Ukraine;2006;153.0
Ukraine;2005;90.0
Ukraine;2004;427.0
Ukraine;2003;1438.0
Ukraine;2002;418.0
Ukraine;2001;83.0
Ukraine;2000;273.0
Ukraine;1999;88.0
Ukraine;1998;88.0
Ukraine;1997;5.0
Ukraine;1996;0.0
Ukraine;1995;0.0
Ukraine;1994;0.0
Ukraine;1993;0.0
Ukraine;1992;5.0
United Arab Emirates;2014;124524.0
United Arab Emirates;2013;134497.0
United Arab Emirates;2012;126477.0
United Arab Emirates;2011;122347.0
United Arab Emirates;2010;106861.0
United Arab Emirates;2009;100238.0
United Arab Emirates;2008;116936.0
United Arab Emirates;2007;114473.0
United Arab Emirates;2006;115742.0
United Arab Emirates;2005;104899.0
United Arab Emirates;2004;101429.0
United Arab Emirates;2003;90881.0
United Arab Emirates;2002;81617.9553
United Arab Emirates;2001;89096.6495
United Arab Emirates;2000;90492.6976
United Arab Emirates;1999;95678.0069
United Arab Emirates;1998;94774.0
United Arab Emirates;1997;93558.0
United Arab Emirates;1996;91893.0
United Arab Emirates;1995;91147.0
United Arab Emirates;1994;91999.0
United Arab Emirates;1993;92750.0
United Arab Emirates;1992;94502.0
United Arab Emirates;1991;100696.0
United Arab Emirates;1990;93611.0
United Kingdom;2014;28204.0
United Kingdom;2013;30376.0
United Kingdom;2012;28535.0
United Kingdom;2011;28286.0
United Kingdom;2010;36986.0
United Kingdom;2009;39446.0
United Kingdom;2008;41504.0
United Kingdom;2007;45129.0
United Kingdom;2006;44923.0
United Kingdom;2005;48879.0
United Kingdom;2004;60724.0
United Kingdom;2003;68823.0
United Kingdom;2002;81198.0
United Kingdom;2001;80907.0
United Kingdom;2000;86533.0
United Kingdom;1999;85052.0
United Kingdom;1998;79651.0
United Kingdom;1997;75113.0
United Kingdom;1996;76937.0
United Kingdom;1995;79948.0
United Kingdom;1994;78278.0
United Kingdom;1993;60166.0
United Kingdom;1992;54441.0
United Kingdom;1991;52378.0
United Kingdom;1990;54022.0
United States;2014;17329.0
United States;2013;6617.0
United States;2012;3337.0
United States;2011;2318.0
United States;2010;2054.0
United States;2009;2160.0
United States;2008;1454.0
United States;2007;1391.0
United States;2006;1251.0
United States;2005;1659.0
United States;2004;1358.0
United States;2003;631.0
United States;2002;458.0
United States;2001;1027.0
United States;2000;2551.0
United States;1999;5971.0
United States;1998;5558.0
United States;1997;4899.0
United States;1996;2699.0
United States;1995;33.0
United States;1994;363.0
United States;1993;158.0
United States;1992;188.0
United States;1991;277.0
United States;1990;610.0
USSR (former);1991;56476.0
USSR (former);1990;108551.0
Uzbekistan;1999;245.0
Uzbekistan;1998;249.0
Uzbekistan;1997;324.0
Uzbekistan;1996;289.0
Uzbekistan;1995;161.0
Uzbekistan;1994;16.0
Uzbekistan;1993;107.0
Uzbekistan;1992;0.0
Venezuela (Bolivar. Rep.);2014;90927.0
Venezuela (Bolivar. Rep.);2013;97643.0
Venezuela (Bolivar. Rep.);2012;93264.0
Venezuela (Bolivar. Rep.);2011;95457.0
Venezuela (Bolivar. Rep.);2010;97732.0
Venezuela (Bolivar. Rep.);2009;96088.0
Venezuela (Bolivar. Rep.);2008;96038.0
Venezuela (Bolivar. Rep.);2007;99842.0
Venezuela (Bolivar. Rep.);2006;116968.0
Venezuela (Bolivar. Rep.);2005;97780.0
Venezuela (Bolivar. Rep.);2004;92442.0
Venezuela (Bolivar. Rep.);2003;87282.0462
Venezuela (Bolivar. Rep.);2002;92446.6459
Venezuela (Bolivar. Rep.);2001;109418.8183
Venezuela (Bolivar. Rep.);2000;105133.7979
Venezuela (Bolivar. Rep.);1999;100909.9
Venezuela (Bolivar. Rep.);1998;118885.4468
Venezuela (Bolivar. Rep.);1997;116525.4912
Venezuela (Bolivar. Rep.);1996;104191.6881
Venezuela (Bolivar. Rep.);1995;95695.2753
Venezuela (Bolivar. Rep.);1994;89233.6062
Venezuela (Bolivar. Rep.);1993;79504.0
Venezuela (Bolivar. Rep.);1992;73829.0
Venezuela (Bolivar. Rep.);1991;72893.0
Venezuela (Bolivar. Rep.);1990;65154.0
Viet Nam;2014;9306.0
Viet Nam;2013;8568.0
Viet Nam;2012;9458.0
Viet Nam;2011;8240.0
Viet Nam;2010;8072.0
Viet Nam;2009;13373.0
Viet Nam;2008;13752.3
Viet Nam;2007;15062.0
Viet Nam;2006;16442.0
Viet Nam;2005;17967.0
Viet Nam;2004;19501.0
Viet Nam;2003;17413.0
Viet Nam;2002;16876.0
Viet Nam;2001;16732.0
Viet Nam;2000;15423.5
Viet Nam;1999;14882.0
Viet Nam;1998;12145.0
Viet Nam;1997;9638.0
Viet Nam;1996;8705.0
Viet Nam;1995;7652.0
Viet Nam;1994;6901.0
Viet Nam;1993;6312.0
Viet Nam;1992;5446.0
Viet Nam;1991;3917.0
Viet Nam;1990;2655.0
Yemen;2014;3807.0
Yemen;2013;4960.0
Yemen;2012;5881.0
Yemen;2011;6789.0
Yemen;2010;8773.0
Yemen;2009;9201.0
Yemen;2008;9771.0
Yemen;2007;11159.0
Yemen;2006;12150.0
Yemen;2005;14179.0
Yemen;2004;14686.0
Yemen;2003;16126.0
Yemen;2002;16828.0
Yemen;2001;16684.0
Yemen;2000;17628.0
Yemen;1999;15423.0
Yemen;1998;14726.0
Yemen;1997;13613.0
Yemen;1996;13825.0
Yemen;1995;13514.0
Yemen;1994;13255.0
Yemen;1993;8327.0
Yemen;1992;6153.0
Yemen;1991;7028.0
Yemen Arab Rep. (former);1990;8058.0
Yugoslavia, SFR (former);1991;0.0
Yugoslavia, SFR (former);1990;0.0
