Country or Area;Year;Value
Afghanistan;2015;7
Afghanistan;2014;7
Afghanistan;2013;5
Afghanistan;2012;7
Afghanistan;2011;7
Afghanistan;2010;7
Afghanistan;2009;7
Afghanistan;2008;9
Afghanistan;2007;9
Afghanistan;2006;9
Afghanistan;2005;9
Afghanistan;2004;9
Albania;2015;5
Albania;2014;5
Albania;2013;5
Albania;2012;5
Albania;2011;6
Albania;2010;7
Albania;2009;7
Albania;2008;10
Albania;2007;37
Albania;2006;39
Albania;2005;41
Albania;2004;40
Albania;2003;41
Algeria;2015;20
Algeria;2014;22
Algeria;2013;24
Algeria;2012;24
Algeria;2011;24
Algeria;2010;24
Algeria;2009;24
Algeria;2008;24
Algeria;2007;24
Algeria;2006;24
Algeria;2005;24
Algeria;2004;24
Algeria;2003;25
Angola;2015;36
Angola;2014;66
Angola;2013;66
Angola;2012;66
Angola;2011;66
Angola;2010;66
Angola;2009;68
Angola;2008;68
Angola;2007;83
Angola;2006;83
Angola;2005;83
Angola;2004;83
Angola;2003;83
Antigua and Barbuda;2015;21
Antigua and Barbuda;2014;21
Antigua and Barbuda;2013;21
Antigua and Barbuda;2012;21
Antigua and Barbuda;2011;21
Antigua and Barbuda;2010;21
Antigua and Barbuda;2009;21
Antigua and Barbuda;2008;21
Antigua and Barbuda;2007;21
Antigua and Barbuda;2006;21
Antigua and Barbuda;2005;25
Arab World;2015;18
Arab World;2014;18
Arab World;2013;19
Arab World;2012;21
Arab World;2011;19
Arab World;2010;20
Arab World;2009;20
Arab World;2008;20
Arab World;2007;32
Arab World;2006;38
Arab World;2005;40
Arab World;2004;42
Arab World;2003;46
Argentina;2015;25
Argentina;2014;25
Argentina;2013;25
Argentina;2012;25
Argentina;2011;25
Argentina;2010;25
Argentina;2009;25
Argentina;2008;30
Argentina;2007;30
Argentina;2006;30
Argentina;2005;30
Argentina;2004;30
Argentina;2003;66
Armenia;2015;3
Armenia;2014;3
Armenia;2013;4
Armenia;2012;8
Armenia;2011;8
Armenia;2010;14
Armenia;2009;14
Armenia;2008;17
Armenia;2007;17
Armenia;2006;17
Armenia;2005;18
Armenia;2004;18
Armenia;2003;18
Australia;2015;2
Australia;2014;2
Australia;2013;2
Australia;2012;2
Australia;2011;2
Australia;2010;2
Australia;2009;2
Australia;2008;2
Australia;2007;3
Australia;2006;3
Australia;2005;3
Australia;2004;3
Australia;2003;3
Austria;2015;22
Austria;2014;22
Austria;2013;25
Austria;2012;25
Austria;2011;25
Austria;2010;25
Austria;2009;25
Austria;2008;25
Austria;2007;25
Austria;2006;25
Austria;2005;25
Austria;2004;25
Austria;2003;25
Azerbaijan;2015;3
Azerbaijan;2014;5
Azerbaijan;2013;7
Azerbaijan;2012;8
Azerbaijan;2011;8
Azerbaijan;2010;8
Azerbaijan;2009;10
Azerbaijan;2008;10
Azerbaijan;2007;36
Azerbaijan;2006;51
Azerbaijan;2005;113
Azerbaijan;2004;121
Azerbaijan;2003;105
Bahamas, The;2015;28
Bahamas, The;2014;23
Bahamas, The;2013;23
Bahamas, The;2012;23
Bahamas, The;2011;23
Bahamas, The;2010;23
Bahamas, The;2009;30
Bahamas, The;2008;30
Bahamas, The;2007;30
Bahrain;2015;9
Bahrain;2014;9
Bahrain;2013;9
Bahrain;2012;9
Bahrain;2011;9
Bahrain;2010;9
Bahrain;2009;9
Bahrain;2008;9
Bahrain;2007;9
Bangladesh;2015;19
Bangladesh;2014;19
Bangladesh;2013;21
Barbados;2015;18
Barbados;2014;18
Barbados;2013;18
Barbados;2012;18
Barbados;2011;18
Belarus;2015;3
Belarus;2014;9
Belarus;2013;9
Belarus;2012;10
Belarus;2011;10
Belarus;2010;10
Belarus;2009;10
Belarus;2008;31
Belarus;2007;48
Belarus;2006;69
Belarus;2005;79
Belarus;2004;79
Belarus;2003;79
Belgium;2015;4
Belgium;2014;4
Belgium;2013;4
Belgium;2012;4
Belgium;2011;4
Belgium;2010;4
Belgium;2009;4
Belgium;2008;4
Belgium;2007;4
Belgium;2006;27
Belgium;2005;34
Belgium;2004;34
Belgium;2003;56
Belize;2015;43
Belize;2014;43
Belize;2013;43
Belize;2012;43
Belize;2011;43
Belize;2010;43
Belize;2009;43
Belize;2008;43
Belize;2007;43
Belize;2006;44
Belize;2005;57
Benin;2015;12
Benin;2014;12
Benin;2013;18
Benin;2012;29
Benin;2011;32
Benin;2010;34
Benin;2009;34
Benin;2008;34
Benin;2007;34
Benin;2006;34
Benin;2005;34
Benin;2004;34
Benin;2003;35
Bhutan;2015;15
Bhutan;2014;15
Bhutan;2013;30
Bhutan;2012;35
Bhutan;2011;35
Bhutan;2010;46
Bhutan;2009;46
Bhutan;2008;46
Bhutan;2007;48
Bhutan;2006;62
Bhutan;2005;62
Bhutan;2004;62
Bhutan;2003;62
Bolivia;2015;50
Bolivia;2014;50
Bolivia;2013;50
Bolivia;2012;50
Bolivia;2011;50
Bolivia;2010;50
Bolivia;2009;50
Bolivia;2008;50
Bolivia;2007;50
Bolivia;2006;50
Bolivia;2005;50
Bolivia;2004;60
Bolivia;2003;60
Bosnia and Herzegovina;2015;67
Bosnia and Herzegovina;2014;67
Bosnia and Herzegovina;2013;67
Bosnia and Herzegovina;2012;67
Bosnia and Herzegovina;2011;70
Bosnia and Herzegovina;2010;94
Bosnia and Herzegovina;2009;99
Bosnia and Herzegovina;2008;99
Bosnia and Herzegovina;2007;93
Bosnia and Herzegovina;2006;93
Bosnia and Herzegovina;2005;93
Bosnia and Herzegovina;2004;63
Bosnia and Herzegovina;2003;68
Botswana;2015;48
Botswana;2014;48
Botswana;2013;41
Botswana;2012;40
Botswana;2011;40
Botswana;2010;59
Botswana;2009;59
Botswana;2008;74
Botswana;2007;105
Botswana;2006;105
Botswana;2005;125
Botswana;2004;125
Botswana;2003;125
Brazil;2015;83
Brazil;2014;83
Brazil;2013;86
Brunei Darussalam;2015;14
Brunei Darussalam;2014;104
Brunei Darussalam;2013;104
Brunei Darussalam;2012;104
Brunei Darussalam;2011;104
Brunei Darussalam;2010;108
Brunei Darussalam;2009;121
Brunei Darussalam;2008;121
Brunei Darussalam;2007;121
Brunei Darussalam;2006;121
Bulgaria;2015;18
Bulgaria;2014;18
Bulgaria;2013;18
Bulgaria;2012;18
Bulgaria;2011;18
Bulgaria;2010;18
Bulgaria;2009;18
Bulgaria;2008;49
Bulgaria;2007;32
Bulgaria;2006;32
Bulgaria;2005;32
Bulgaria;2004;32
Bulgaria;2003;32
Burkina Faso;2015;13
Burkina Faso;2014;13
Burkina Faso;2013;13
Burkina Faso;2012;13
Burkina Faso;2011;13
Burkina Faso;2010;14
Burkina Faso;2009;14
Burkina Faso;2008;16
Burkina Faso;2007;18
Burkina Faso;2006;34
Burkina Faso;2005;40
Burkina Faso;2004;40
Burkina Faso;2003;40
Burundi;2015;4
Burundi;2014;5
Burundi;2013;5
Burundi;2012;7
Burundi;2011;13
Burundi;2010;13
Burundi;2009;13
Burundi;2008;13
Burundi;2007;13
Burundi;2006;13
Burundi;2005;13
Burundi;2004;13
Burundi;2003;13
Cambodia;2015;87
Cambodia;2014;101
Cambodia;2013;101
Cambodia;2012;102
Cambodia;2011;102
Cambodia;2010;102
Cambodia;2009;102
Cambodia;2008;102
Cambodia;2007;86
Cambodia;2006;86
Cambodia;2005;87
Cambodia;2004;94
Cambodia;2003;94
Cameroon;2015;15
Cameroon;2014;15
Cameroon;2013;15
Cameroon;2012;15
Cameroon;2011;15
Cameroon;2010;19
Cameroon;2009;35
Cameroon;2008;38
Cameroon;2007;38
Cameroon;2006;45
Cameroon;2005;45
Cameroon;2004;45
Cameroon;2003;45
Canada;2015;1
Canada;2014;5
Canada;2013;5
Canada;2012;5
Canada;2011;5
Canada;2010;5
Canada;2009;5
Canada;2008;5
Canada;2007;3
Canada;2006;3
Canada;2005;3
Canada;2004;3
Canada;2003;3
Cape Verde;2015;10
Cape Verde;2014;10
Cape Verde;2013;10
Cape Verde;2012;11
Cape Verde;2011;11
Cape Verde;2010;11
Cape Verde;2009;24
Cape Verde;2008;52
Cape Verde;2007;52
Cape Verde;2006;52
Cape Verde;2005;60
Central African Republic;2015;22
Central African Republic;2014;22
Central African Republic;2013;22
Central African Republic;2012;22
Central African Republic;2011;22
Central African Republic;2010;24
Central African Republic;2009;24
Central African Republic;2008;23
Central African Republic;2007;22
Central African Republic;2006;22
Central African Republic;2005;22
Central African Republic;2004;22
Central African Republic;2003;22
Chad;2015;60
Chad;2014;60
Chad;2013;60
Chad;2012;60
Chad;2011;53
Chad;2010;62
Chad;2009;62
Chad;2008;62
Chad;2007;62
Chad;2006;62
Chad;2005;62
Chad;2004;62
Chad;2003;62
Chile;2015;5
Chile;2014;5
Chile;2013;5
Chile;2012;5
Chile;2011;7
Chile;2010;34
Chile;2009;40
Chile;2008;40
Chile;2007;40
Chile;2006;40
Chile;2005;42
Chile;2004;42
Chile;2003;42
China;2015;31
China;2014;31
China;2013;34
Colombia;2015;11
Colombia;2014;11
Colombia;2013;11
Colombia;2012;11
Colombia;2011;10
Colombia;2010;10
Colombia;2009;18
Colombia;2008;34
Colombia;2007;40
Colombia;2006;41
Colombia;2005;40
Colombia;2004;40
Colombia;2003;43
Comoros;2015;15
Comoros;2014;15
Comoros;2013;15
Comoros;2012;20
Comoros;2011;22
Comoros;2010;22
Comoros;2009;22
Comoros;2008;22
Comoros;2007;30
Comoros;2006;30
Comoros;2005;30
Congo, Dem. Rep.;2015;11
Congo, Dem. Rep.;2014;16
Congo, Dem. Rep.;2013;31
Congo, Dem. Rep.;2012;58
Congo, Dem. Rep.;2011;65
Congo, Dem. Rep.;2010;84
Congo, Dem. Rep.;2009;126
Congo, Dem. Rep.;2008;132
Congo, Dem. Rep.;2007;132
Congo, Dem. Rep.;2006;133
Congo, Dem. Rep.;2005;133
Congo, Dem. Rep.;2004;133
Congo, Dem. Rep.;2003;166
Congo, Rep.;2015;53
Congo, Rep.;2014;53
Congo, Rep.;2013;101
Congo, Rep.;2012;161
Congo, Rep.;2011;161
Congo, Rep.;2010;161
Congo, Rep.;2009;161
Congo, Rep.;2008;161
Congo, Rep.;2007;38
Congo, Rep.;2006;37
Congo, Rep.;2005;37
Congo, Rep.;2004;37
Congo, Rep.;2003;37
Costa Rica;2015;24
Costa Rica;2014;24
Costa Rica;2013;24
Costa Rica;2012;59
Costa Rica;2011;59
Costa Rica;2010;59
Costa Rica;2009;59
Costa Rica;2008;60
Costa Rica;2007;77
Costa Rica;2006;77
Costa Rica;2005;77
Costa Rica;2004;77
Costa Rica;2003;77
Cote d'Ivoire;2015;7
Cote d'Ivoire;2014;7
Cote d'Ivoire;2013;8
Cote d'Ivoire;2012;32
Cote d'Ivoire;2011;32
Cote d'Ivoire;2010;40
Cote d'Ivoire;2009;40
Cote d'Ivoire;2008;40
Cote d'Ivoire;2007;42
Cote d'Ivoire;2006;45
Cote d'Ivoire;2005;45
Cote d'Ivoire;2004;58
Cote d'Ivoire;2003;62
Croatia;2015;12
Croatia;2014;15
Croatia;2013;15
Croatia;2012;15
Croatia;2011;15
Croatia;2010;15
Croatia;2009;22
Croatia;2008;22
Croatia;2007;22
Croatia;2006;25
Croatia;2005;29
Croatia;2004;29
Croatia;2003;29
Cyprus;2015;8
Cyprus;2014;8
Cyprus;2013;8
Cyprus;2012;8
Cyprus;2011;8
Cyprus;2010;8
Cyprus;2009;8
Cyprus;2008;8
Czech Republic;2015;15
Czech Republic;2014;15
Czech Republic;2013;15
Czech Republic;2012;15
Czech Republic;2011;15
Czech Republic;2010;17
Czech Republic;2009;17
Czech Republic;2008;20
Czech Republic;2007;17
Czech Republic;2006;24
Czech Republic;2005;40
Czech Republic;2004;40
Czech Republic;2003;40
Denmark;2015;3
Denmark;2014;5
Denmark;2013;5
Denmark;2012;5
Denmark;2011;5
Denmark;2010;5
Denmark;2009;6
Denmark;2008;6
Denmark;2007;6
Denmark;2006;6
Denmark;2005;6
Denmark;2004;7
Denmark;2003;7
Djibouti;2015;14
Djibouti;2014;14
Djibouti;2013;17
Djibouti;2012;37
Djibouti;2011;37
Djibouti;2010;37
Djibouti;2009;37
Djibouti;2008;37
Djibouti;2007;44
Djibouti;2006;44
Djibouti;2005;44
Dominica;2015;12
Dominica;2014;12
Dominica;2013;12
Dominica;2012;12
Dominica;2011;12
Dominica;2010;13
Dominica;2009;13
Dominica;2008;13
Dominica;2007;14
Dominica;2006;14
Dominica;2005;14
Dominican Republic;2015;14
Dominican Republic;2014;14
Dominican Republic;2013;14
Dominican Republic;2012;14
Dominican Republic;2011;14
Dominican Republic;2010;15
Dominican Republic;2009;16
Dominican Republic;2008;15
Dominican Republic;2007;25
Dominican Republic;2006;76
Dominican Republic;2005;76
Dominican Republic;2004;79
Dominican Republic;2003;79
East Asia & Pacific (all income levels);2015;22
East Asia & Pacific (all income levels);2014;29
East Asia & Pacific (all income levels);2013;33
East Asia & Pacific (all income levels);2012;32
East Asia & Pacific (all income levels);2011;31
East Asia & Pacific (all income levels);2010;35
East Asia & Pacific (all income levels);2009;38
East Asia & Pacific (all income levels);2008;40
East Asia & Pacific (all income levels);2007;41
East Asia & Pacific (all income levels);2006;44
East Asia & Pacific (all income levels);2005;41
East Asia & Pacific (all income levels);2004;41
East Asia & Pacific (all income levels);2003;37
East Asia & Pacific (developing only);2015;29
East Asia & Pacific (developing only);2014;34
East Asia & Pacific (developing only);2013;39
East Asia & Pacific (developing only);2012;38
East Asia & Pacific (developing only);2011;36
East Asia & Pacific (developing only);2010;40
East Asia & Pacific (developing only);2009;43
East Asia & Pacific (developing only);2008;45
East Asia & Pacific (developing only);2007;45
East Asia & Pacific (developing only);2006;48
East Asia & Pacific (developing only);2005;49
East Asia & Pacific (developing only);2004;49
East Asia & Pacific (developing only);2003;45
Ecuador;2015;50
Ecuador;2014;55
Ecuador;2013;55
Ecuador;2012;55
Ecuador;2011;55
Ecuador;2010;56
Ecuador;2009;64
Ecuador;2008;65
Ecuador;2007;65
Ecuador;2006;65
Ecuador;2005;69
Ecuador;2004;92
Ecuador;2003;92
Egypt, Arab Rep.;2015;8
Egypt, Arab Rep.;2014;8
Egypt, Arab Rep.;2013;8
Egypt, Arab Rep.;2012;8
Egypt, Arab Rep.;2011;8
Egypt, Arab Rep.;2010;8
Egypt, Arab Rep.;2009;8
Egypt, Arab Rep.;2008;8
Egypt, Arab Rep.;2007;10
Egypt, Arab Rep.;2006;19
Egypt, Arab Rep.;2005;22
Egypt, Arab Rep.;2004;38
Egypt, Arab Rep.;2003;38
El Salvador;2015;16
El Salvador;2014;16
El Salvador;2013;16
El Salvador;2012;16
El Salvador;2011;16
El Salvador;2010;16
El Salvador;2009;16
El Salvador;2008;16
El Salvador;2007;19
El Salvador;2006;35
El Salvador;2005;40
El Salvador;2004;115
El Salvador;2003;115
Equatorial Guinea;2015;135
Equatorial Guinea;2014;135
Equatorial Guinea;2013;135
Equatorial Guinea;2012;154
Equatorial Guinea;2011;133
Equatorial Guinea;2010;155
Equatorial Guinea;2009;155
Equatorial Guinea;2008;155
Equatorial Guinea;2007;155
Equatorial Guinea;2006;154
Equatorial Guinea;2005;177
Eritrea;2015;84
Eritrea;2014;84
Eritrea;2013;84
Eritrea;2012;84
Eritrea;2011;84
Eritrea;2010;84
Eritrea;2009;84
Eritrea;2008;84
Eritrea;2007;83
Eritrea;2006;76
Eritrea;2005;76
Eritrea;2004;76
Estonia;2015;3
Estonia;2014;4
Estonia;2013;6
Estonia;2012;6
Estonia;2011;6
Estonia;2010;6
Estonia;2009;6
Estonia;2008;6
Estonia;2007;6
Estonia;2006;35
Estonia;2005;35
Estonia;2004;72
Estonia;2003;72
Ethiopia;2015;19
Ethiopia;2014;19
Ethiopia;2013;19
Ethiopia;2012;20
Ethiopia;2011;20
Ethiopia;2010;20
Ethiopia;2009;20
Ethiopia;2008;19
Ethiopia;2007;19
Ethiopia;2006;19
Ethiopia;2005;35
Ethiopia;2004;35
Ethiopia;2003;47
Euro area;2015;9
Euro area;2014;10
Euro area;2013;12
Euro area;2012;13
Euro area;2011;14
Euro area;2010;14
Euro area;2009;15
Euro area;2008;16
Euro area;2007;21
Euro area;2006;25
Euro area;2005;28
Euro area;2004;40
Euro area;2003;48
Europe & Central Asia (all income levels);2015;9
Europe & Central Asia (all income levels);2014;11
Europe & Central Asia (all income levels);2013;13
Europe & Central Asia (all income levels);2012;14
Europe & Central Asia (all income levels);2011;14
Europe & Central Asia (all income levels);2010;15
Europe & Central Asia (all income levels);2009;17
Europe & Central Asia (all income levels);2008;19
Europe & Central Asia (all income levels);2007;23
Europe & Central Asia (all income levels);2006;27
Europe & Central Asia (all income levels);2005;32
Europe & Central Asia (all income levels);2004;37
Europe & Central Asia (all income levels);2003;42
Europe & Central Asia (developing only);2015;10
Europe & Central Asia (developing only);2014;12
Europe & Central Asia (developing only);2013;13
Europe & Central Asia (developing only);2012;15
Europe & Central Asia (developing only);2011;16
Europe & Central Asia (developing only);2010;18
Europe & Central Asia (developing only);2009;20
Europe & Central Asia (developing only);2008;25
Europe & Central Asia (developing only);2007;29
Europe & Central Asia (developing only);2006;34
Europe & Central Asia (developing only);2005;41
Europe & Central Asia (developing only);2004;41
Europe & Central Asia (developing only);2003;43
European Union;2015;10
European Union;2014;11
European Union;2013;13
European Union;2012;13
European Union;2011;14
European Union;2010;14
European Union;2009;15
European Union;2008;17
European Union;2007;20
European Union;2006;23
European Union;2005;27
European Union;2004;36
European Union;2003;42
Fiji;2015;58
Fiji;2014;58
Fiji;2013;58
Fiji;2012;58
Fiji;2011;44
Fiji;2010;44
Fiji;2009;44
Fiji;2008;44
Fiji;2007;44
Fiji;2006;44
Fiji;2005;44
Fiji;2004;31
Fiji;2003;31
Finland;2015;14
Finland;2014;14
Finland;2013;14
Finland;2012;14
Finland;2011;14
Finland;2010;14
Finland;2009;14
Finland;2008;14
Finland;2007;14
Finland;2006;14
Finland;2005;14
Finland;2004;14
Finland;2003;31
France;2015;4
France;2014;4
France;2013;6
France;2012;6
France;2011;6
France;2010;6
France;2009;6
France;2008;6
France;2007;7
France;2006;7
France;2005;7
France;2004;7
France;2003;41
Gabon;2015;50
Gabon;2014;50
Gabon;2013;50
Gabon;2012;57
Gabon;2011;57
Gabon;2010;57
Gabon;2009;57
Gabon;2008;57
Gabon;2007;57
Gabon;2006;57
Gabon;2005;57
Gambia, The;2015;25
Gambia, The;2014;26
Gambia, The;2013;27
Gambia, The;2012;27
Gambia, The;2011;27
Gambia, The;2010;27
Gambia, The;2009;27
Gambia, The;2008;27
Gambia, The;2007;32
Gambia, The;2006;27
Gambia, The;2005;28
Georgia;2015;2
Georgia;2014;2
Georgia;2013;2
Georgia;2012;2
Georgia;2011;2
Georgia;2010;3
Georgia;2009;3
Georgia;2008;3
Georgia;2007;11
Georgia;2006;16
Georgia;2005;21
Georgia;2004;25
Georgia;2003;25
Germany;2015;10
Germany;2014;14
Germany;2013;14
Germany;2012;14
Germany;2011;14
Germany;2010;14
Germany;2009;17
Germany;2008;17
Germany;2007;18
Germany;2006;22
Germany;2005;22
Germany;2004;45
Germany;2003;45
Ghana;2015;14
Ghana;2014;14
Ghana;2013;14
Ghana;2012;11
Ghana;2011;11
Ghana;2010;11
Ghana;2009;11
Ghana;2008;11
Ghana;2007;13
Ghana;2006;17
Ghana;2005;17
Ghana;2004;21
Ghana;2003;21
Greece;2015;13
Greece;2014;13
Greece;2013;14
Greece;2012;11
Greece;2011;11
Greece;2010;19
Greece;2009;19
Greece;2008;19
Greece;2007;38
Greece;2006;38
Greece;2005;38
Greece;2004;38
Greece;2003;38
Grenada;2015;15
Grenada;2014;15
Grenada;2013;15
Grenada;2012;14
Grenada;2011;14
Grenada;2010;14
Grenada;2009;19
Grenada;2008;19
Grenada;2007;19
Grenada;2006;20
Grenada;2005;20
Guatemala;2015;18
Guatemala;2014;18
Guatemala;2013;19
Guatemala;2012;40
Guatemala;2011;37
Guatemala;2010;37
Guatemala;2009;37
Guatemala;2008;34
Guatemala;2007;34
Guatemala;2006;27
Guatemala;2005;39
Guatemala;2004;39
Guatemala;2003;39
Guinea;2015;8
Guinea;2014;8
Guinea;2013;16
Guinea;2012;35
Guinea;2011;40
Guinea;2010;40
Guinea;2009;40
Guinea;2008;40
Guinea;2007;40
Guinea;2006;40
Guinea;2005;40
Guinea;2004;40
Guinea;2003;48
Guinea-Bissau;2015;9
Guinea-Bissau;2014;9
Guinea-Bissau;2013;9
Guinea-Bissau;2012;9
Guinea-Bissau;2011;9
Guinea-Bissau;2010;216
Guinea-Bissau;2009;216
Guinea-Bissau;2008;259
Guinea-Bissau;2007;259
Guinea-Bissau;2006;260
Guinea-Bissau;2005;259
Guyana;2015;18
Guyana;2014;18
Guyana;2013;18
Guyana;2012;18
Guyana;2011;19
Guyana;2010;23
Guyana;2009;27
Guyana;2008;38
Guyana;2007;37
Guyana;2006;42
Guyana;2005;42
Guyana;2004;42
Haiti;2015;97
Haiti;2014;97
Haiti;2013;97
Haiti;2012;134
Haiti;2011;134
Haiti;2010;134
Haiti;2009;224
Haiti;2008;224
Haiti;2007;202
Haiti;2006;202
Haiti;2005;202
Haiti;2004;202
Haiti;2003;260
Heavily indebted poor countries (HIPC);2015;21
Heavily indebted poor countries (HIPC);2014;21
Heavily indebted poor countries (HIPC);2013;25
Heavily indebted poor countries (HIPC);2012;30
Heavily indebted poor countries (HIPC);2011;32
Heavily indebted poor countries (HIPC);2010;42
Heavily indebted poor countries (HIPC);2009;47
Heavily indebted poor countries (HIPC);2008;49
Heavily indebted poor countries (HIPC);2007;50
Heavily indebted poor countries (HIPC);2006;55
Heavily indebted poor countries (HIPC);2005;58
Heavily indebted poor countries (HIPC);2004;55
Heavily indebted poor countries (HIPC);2003;59
High income;2015;10
High income;2014;13
High income;2013;14
High income;2012;15
High income;2011;15
High income;2010;17
High income;2009;19
High income;2008;19
High income;2007;22
High income;2006;25
High income;2005;27
High income;2004;31
High income;2003;35
Honduras;2015;14
Honduras;2014;14
Honduras;2013;14
Honduras;2012;14
Honduras;2011;14
Honduras;2010;14
Honduras;2009;14
Honduras;2008;20
Honduras;2007;20
Honduras;2006;57
Honduras;2005;69
Honduras;2004;61
Honduras;2003;61
Hong Kong SAR, China;2015;1
Hong Kong SAR, China;2014;2
Hong Kong SAR, China;2013;2
Hong Kong SAR, China;2012;2
Hong Kong SAR, China;2011;2
Hong Kong SAR, China;2010;6
Hong Kong SAR, China;2009;6
Hong Kong SAR, China;2008;11
Hong Kong SAR, China;2007;11
Hong Kong SAR, China;2006;11
Hong Kong SAR, China;2005;11
Hong Kong SAR, China;2004;11
Hong Kong SAR, China;2003;11
Hungary;2015;5
Hungary;2014;5
Hungary;2013;5
Hungary;2012;5
Hungary;2011;4
Hungary;2010;4
Hungary;2009;4
Hungary;2008;5
Hungary;2007;16
Hungary;2006;38
Hungary;2005;38
Hungary;2004;52
Hungary;2003;52
Iceland;2015;4
Iceland;2014;4
Iceland;2013;4
Iceland;2012;4
Iceland;2011;4
Iceland;2010;5
Iceland;2009;5
Iceland;2008;5
Iceland;2007;5
Iceland;2006;5
Iceland;2005;5
Iceland;2004;5
India;2015;29
India;2014;34
India;2013;31
Indonesia;2015;47
Indonesia;2014;52
Indonesia;2013;75
Iran, Islamic Rep.;2015;15
Iran, Islamic Rep.;2014;15
Iran, Islamic Rep.;2013;18
Iran, Islamic Rep.;2012;18
Iran, Islamic Rep.;2011;13
Iran, Islamic Rep.;2010;13
Iran, Islamic Rep.;2009;11
Iran, Islamic Rep.;2008;30
Iran, Islamic Rep.;2007;30
Iran, Islamic Rep.;2006;30
Iran, Islamic Rep.;2005;30
Iran, Islamic Rep.;2004;31
Iran, Islamic Rep.;2003;31
Iraq;2015;29
Iraq;2014;29
Iraq;2013;29
Iraq;2012;29
Iraq;2011;32
Iraq;2010;32
Iraq;2009;32
Iraq;2008;32
Iraq;2007;32
Iraq;2006;31
Iraq;2005;32
Iraq;2004;32
Ireland;2015;6
Ireland;2014;6
Ireland;2013;10
Ireland;2012;10
Ireland;2011;13
Ireland;2010;13
Ireland;2009;13
Ireland;2008;13
Ireland;2007;13
Ireland;2006;13
Ireland;2005;18
Ireland;2004;18
Ireland;2003;18
Israel;2015;13
Israel;2014;13
Israel;2013;13
Israel;2012;20
Israel;2011;19
Israel;2010;19
Israel;2009;19
Israel;2008;19
Israel;2007;19
Israel;2006;19
Israel;2005;19
Israel;2004;19
Israel;2003;19
Italy;2015;5
Italy;2014;6
Italy;2013;7
Italy;2012;7
Italy;2011;6
Italy;2010;6
Italy;2009;10
Italy;2008;10
Italy;2007;13
Italy;2006;13
Italy;2005;13
Italy;2004;13
Italy;2003;23
Jamaica;2015;3
Jamaica;2014;15
Jamaica;2013;6
Jamaica;2012;7
Jamaica;2011;7
Jamaica;2010;8
Jamaica;2009;8
Jamaica;2008;8
Jamaica;2007;8
Jamaica;2006;8
Jamaica;2005;8
Jamaica;2004;31
Jamaica;2003;31
Japan;2015;10
Japan;2014;10
Japan;2013;10
Jordan;2015;12
Jordan;2014;12
Jordan;2013;12
Jordan;2012;12
Jordan;2011;12
Jordan;2010;12
Jordan;2009;12
Jordan;2008;13
Jordan;2007;13
Jordan;2006;16
Jordan;2005;16
Jordan;2004;26
Jordan;2003;79
Kazakhstan;2015;5
Kazakhstan;2014;10
Kazakhstan;2013;12
Kazakhstan;2012;19
Kazakhstan;2011;19
Kazakhstan;2010;19
Kazakhstan;2009;20
Kazakhstan;2008;21
Kazakhstan;2007;21
Kazakhstan;2006;21
Kazakhstan;2005;25
Kazakhstan;2004;26
Kazakhstan;2003;26
Kenya;2015;26
Kenya;2014;30
Kenya;2013;32
Kenya;2012;32
Kenya;2011;33
Kenya;2010;31
Kenya;2009;31
Kenya;2008;31
Kenya;2007;44
Kenya;2006;54
Kenya;2005;54
Kenya;2004;47
Kenya;2003;60
Kiribati;2015;31
Kiribati;2014;31
Kiribati;2013;31
Kiribati;2012;31
Kiribati;2011;31
Kiribati;2010;31
Kiribati;2009;31
Kiribati;2008;31
Kiribati;2007;31
Kiribati;2006;31
Kiribati;2005;31
Kiribati;2004;31
Kiribati;2003;21
Korea, Rep.;2015;4
Korea, Rep.;2014;4
Korea, Rep.;2013;4
Korea, Rep.;2012;4
Korea, Rep.;2011;7
Korea, Rep.;2010;14
Korea, Rep.;2009;14
Korea, Rep.;2008;17
Korea, Rep.;2007;17
Korea, Rep.;2006;17
Korea, Rep.;2005;17
Korea, Rep.;2004;17
Korea, Rep.;2003;17
Kosovo;2015;11
Kosovo;2014;11
Kosovo;2013;30
Kosovo;2012;52
Kosovo;2011;58
Kosovo;2010;58
Kosovo;2009;52
Kuwait;2015;31
Kuwait;2014;31
Kuwait;2013;32
Kuwait;2012;32
Kuwait;2011;32
Kuwait;2010;35
Kuwait;2009;35
Kuwait;2008;35
Kuwait;2007;35
Kuwait;2006;35
Kuwait;2005;35
Kuwait;2004;35
Kuwait;2003;35
Kyrgyz Republic;2015;10
Kyrgyz Republic;2014;10
Kyrgyz Republic;2013;10
Kyrgyz Republic;2012;14
Kyrgyz Republic;2011;14
Kyrgyz Republic;2010;14
Kyrgyz Republic;2009;15
Kyrgyz Republic;2008;19
Kyrgyz Republic;2007;21
Kyrgyz Republic;2006;21
Kyrgyz Republic;2005;21
Kyrgyz Republic;2004;21
Kyrgyz Republic;2003;21
Lao PDR;2015;73
Lao PDR;2014;73
Lao PDR;2013;73
Lao PDR;2012;73
Lao PDR;2011;63
Lao PDR;2010;63
Lao PDR;2009;63
Lao PDR;2008;63
Lao PDR;2007;63
Lao PDR;2006;78
Lao PDR;2005;108
Lao PDR;2004;108
Lao PDR;2003;108
Latin America & Caribbean (all income levels);2015;28
Latin America & Caribbean (all income levels);2014;29
Latin America & Caribbean (all income levels);2013;33
Latin America & Caribbean (all income levels);2012;52
Latin America & Caribbean (all income levels);2011;52
Latin America & Caribbean (all income levels);2010;56
Latin America & Caribbean (all income levels);2009;61
Latin America & Caribbean (all income levels);2008;62
Latin America & Caribbean (all income levels);2007;63
Latin America & Caribbean (all income levels);2006;69
Latin America & Caribbean (all income levels);2005;74
Latin America & Caribbean (all income levels);2004;66
Latin America & Caribbean (all income levels);2003;73
Latin America & Caribbean (developing only);2015;33
Latin America & Caribbean (developing only);2014;33
Latin America & Caribbean (developing only);2013;39
Latin America & Caribbean (developing only);2012;64
Latin America & Caribbean (developing only);2011;63
Latin America & Caribbean (developing only);2010;64
Latin America & Caribbean (developing only);2009;70
Latin America & Caribbean (developing only);2008;73
Latin America & Caribbean (developing only);2007;74
Latin America & Caribbean (developing only);2006;80
Latin America & Caribbean (developing only);2005;84
Latin America & Caribbean (developing only);2004;72
Latin America & Caribbean (developing only);2003;81
Latvia;2015;5
Latvia;2014;12
Latvia;2013;12
Latvia;2012;15
Latvia;2011;15
Latvia;2010;15
Latvia;2009;15
Latvia;2008;15
Latvia;2007;16
Latvia;2006;16
Latvia;2005;16
Latvia;2004;16
Latvia;2003;16
Least developed countries: UN classification;2015;26
Least developed countries: UN classification;2014;28
Least developed countries: UN classification;2013;32
Least developed countries: UN classification;2012;36
Least developed countries: UN classification;2011;37
Least developed countries: UN classification;2010;48
Least developed countries: UN classification;2009;52
Least developed countries: UN classification;2008;54
Least developed countries: UN classification;2007;59
Least developed countries: UN classification;2006;64
Least developed countries: UN classification;2005;68
Least developed countries: UN classification;2004;64
Least developed countries: UN classification;2003;65
Lebanon;2015;15
Lebanon;2014;15
Lebanon;2013;15
Lebanon;2012;15
Lebanon;2011;15
Lebanon;2010;15
Lebanon;2009;15
Lebanon;2008;18
Lebanon;2007;53
Lebanon;2006;53
Lebanon;2005;53
Lebanon;2004;53
Lebanon;2003;53
Lesotho;2015;29
Lesotho;2014;29
Lesotho;2013;29
Lesotho;2012;29
Lesotho;2011;39
Lesotho;2010;39
Lesotho;2009;39
Lesotho;2008;39
Lesotho;2007;73
Lesotho;2006;73
Lesotho;2005;103
Lesotho;2004;138
Lesotho;2003;138
Liberia;2015;4
Liberia;2014;4
Liberia;2013;4
Liberia;2012;5
Liberia;2011;5
Liberia;2010;20
Liberia;2009;20
Liberia;2008;32
Liberia;2007;68
Liberia;2006;68
Libya;2015;35
Libya;2014;35
Libya;2013;35
Libya;2012;35
Lithuania;2015;3
Lithuania;2014;3
Lithuania;2013;6
Lithuania;2012;19
Lithuania;2011;22
Lithuania;2010;22
Lithuania;2009;26
Lithuania;2008;26
Lithuania;2007;26
Lithuania;2006;26
Lithuania;2005;26
Lithuania;2004;26
Lithuania;2003;26
Low & middle income;2015;24
Low & middle income;2014;26
Low & middle income;2013;29
Low & middle income;2012;35
Low & middle income;2011;36
Low & middle income;2010;40
Low & middle income;2009;43
Low & middle income;2008;46
Low & middle income;2007;50
Low & middle income;2006;54
Low & middle income;2005;58
Low & middle income;2004;53
Low & middle income;2003;56
Low income;2015;23
Low income;2014;24
Low income;2013;25
Low income;2012;30
Low income;2011;33
Low income;2010;41
Low income;2009;47
Low income;2008;50
Low income;2007;53
Low income;2006;57
Low income;2005;61
Low income;2004;56
Low income;2003;65
Lower middle income;2015;21
Lower middle income;2014;24
Lower middle income;2013;29
Lower middle income;2012;32
Lower middle income;2011;32
Lower middle income;2010;37
Lower middle income;2009;39
Lower middle income;2008;41
Lower middle income;2007;44
Lower middle income;2006;48
Lower middle income;2005;51
Lower middle income;2004;53
Lower middle income;2003;51
Luxembourg;2015;18
Luxembourg;2014;18
Luxembourg;2013;18
Luxembourg;2012;17
Luxembourg;2011;17
Luxembourg;2010;17
Luxembourg;2009;23
Luxembourg;2008;25
Luxembourg;2007;25
Luxembourg;2006;29
Macedonia, FYR;2015;1
Macedonia, FYR;2014;2
Macedonia, FYR;2013;2
Macedonia, FYR;2012;2
Macedonia, FYR;2011;3
Macedonia, FYR;2010;3
Macedonia, FYR;2009;4
Macedonia, FYR;2008;9
Macedonia, FYR;2007;15
Macedonia, FYR;2006;18
Macedonia, FYR;2005;48
Macedonia, FYR;2004;48
Macedonia, FYR;2003;48
Madagascar;2015;13
Madagascar;2014;12
Madagascar;2013;12
Madagascar;2012;12
Madagascar;2011;12
Madagascar;2010;12
Madagascar;2009;12
Madagascar;2008;12
Madagascar;2007;12
Madagascar;2006;20
Madagascar;2005;42
Madagascar;2004;47
Madagascar;2003;67
Malawi;2015;38
Malawi;2014;38
Malawi;2013;40
Malawi;2012;37
Malawi;2011;36
Malawi;2010;36
Malawi;2009;36
Malawi;2008;37
Malawi;2007;37
Malawi;2006;37
Malawi;2005;37
Malawi;2004;37
Malawi;2003;43
Malaysia;2015;4
Malaysia;2014;4
Malaysia;2013;6
Malaysia;2012;6
Malaysia;2011;5
Malaysia;2010;17
Malaysia;2009;18
Malaysia;2008;20
Malaysia;2007;31
Malaysia;2006;37
Malaysia;2005;37
Malaysia;2004;37
Malaysia;2003;37
Maldives;2015;9
Maldives;2014;9
Maldives;2013;9
Maldives;2012;9
Maldives;2011;9
Maldives;2010;9
Maldives;2009;9
Maldives;2008;9
Maldives;2007;9
Maldives;2006;9
Maldives;2005;9
Maldives;2004;9
Maldives;2003;9
Mali;2015;8
Mali;2014;11
Mali;2013;11
Mali;2012;8
Mali;2011;8
Mali;2010;8
Mali;2009;8
Mali;2008;25
Mali;2007;25
Mali;2006;42
Mali;2005;27
Mali;2004;33
Mali;2003;33
Malta;2015;28
Malta;2014;33
Malta;2013;38
Malta;2012;38
Malta;2011;38
Marshall Islands;2015;17
Marshall Islands;2014;17
Marshall Islands;2013;17
Marshall Islands;2012;17
Marshall Islands;2011;17
Marshall Islands;2010;17
Marshall Islands;2009;17
Marshall Islands;2008;17
Marshall Islands;2007;17
Marshall Islands;2006;17
Marshall Islands;2005;17
Marshall Islands;2004;17
Marshall Islands;2003;22
Mauritania;2015;8
Mauritania;2014;9
Mauritania;2013;19
Mauritania;2012;19
Mauritania;2011;19
Mauritania;2010;19
Mauritania;2009;19
Mauritania;2008;19
Mauritania;2007;50
Mauritania;2006;82
Mauritania;2005;82
Mauritania;2004;82
Mauritania;2003;82
Mauritius;2015;6
Mauritius;2014;6
Mauritius;2013;6
Mauritius;2012;6
Mauritius;2011;6
Mauritius;2010;6
Mauritius;2009;6
Mauritius;2008;6
Mauritius;2007;7
Mauritius;2006;46
Mauritius;2005;46
Mauritius;2004;46
Mexico;2015;6
Mexico;2014;6
Mexico;2013;6
Micronesia, Fed. Sts.;2015;16
Micronesia, Fed. Sts.;2014;16
Micronesia, Fed. Sts.;2013;16
Micronesia, Fed. Sts.;2012;16
Micronesia, Fed. Sts.;2011;16
Micronesia, Fed. Sts.;2010;16
Micronesia, Fed. Sts.;2009;16
Micronesia, Fed. Sts.;2008;16
Micronesia, Fed. Sts.;2007;16
Micronesia, Fed. Sts.;2006;16
Micronesia, Fed. Sts.;2005;16
Micronesia, Fed. Sts.;2004;16
Micronesia, Fed. Sts.;2003;36
Middle East & North Africa (all income levels);2015;18
Middle East & North Africa (all income levels);2014;19
Middle East & North Africa (all income levels);2013;19
Middle East & North Africa (all income levels);2012;21
Middle East & North Africa (all income levels);2011;19
Middle East & North Africa (all income levels);2010;18
Middle East & North Africa (all income levels);2009;18
Middle East & North Africa (all income levels);2008;20
Middle East & North Africa (all income levels);2007;30
Middle East & North Africa (all income levels);2006;35
Middle East & North Africa (all income levels);2005;36
Middle East & North Africa (all income levels);2004;38
Middle East & North Africa (all income levels);2003;40
Middle East & North Africa (developing only);2015;20
Middle East & North Africa (developing only);2014;20
Middle East & North Africa (developing only);2013;21
Middle East & North Africa (developing only);2012;23
Middle East & North Africa (developing only);2011;19
Middle East & North Africa (developing only);2010;19
Middle East & North Africa (developing only);2009;19
Middle East & North Africa (developing only);2008;21
Middle East & North Africa (developing only);2007;35
Middle East & North Africa (developing only);2006;36
Middle East & North Africa (developing only);2005;36
Middle East & North Africa (developing only);2004;38
Middle East & North Africa (developing only);2003;43
Middle income;2015;24
Middle income;2014;26
Middle income;2013;30
Middle income;2012;37
Middle income;2011;37
Middle income;2010;40
Middle income;2009;42
Middle income;2008;45
Middle income;2007;49
Middle income;2006;53
Middle income;2005;57
Middle income;2004;52
Middle income;2003;53
Moldova;2015;4
Moldova;2014;6
Moldova;2013;7
Moldova;2012;9
Moldova;2011;9
Moldova;2010;10
Moldova;2009;10
Moldova;2008;15
Moldova;2007;23
Moldova;2006;30
Moldova;2005;30
Moldova;2004;30
Moldova;2003;42
Mongolia;2015;6
Mongolia;2014;11
Mongolia;2013;11
Mongolia;2012;12
Mongolia;2011;13
Mongolia;2010;13
Mongolia;2009;13
Mongolia;2008;13
Mongolia;2007;13
Mongolia;2006;13
Mongolia;2005;13
Mongolia;2004;13
Mongolia;2003;20
Montenegro;2015;10
Montenegro;2014;10
Montenegro;2013;10
Montenegro;2012;10
Montenegro;2011;10
Montenegro;2010;10
Montenegro;2009;12
Montenegro;2008;21
Montenegro;2007;24
Montenegro;2006;24
Morocco;2015;10
Morocco;2014;11
Morocco;2013;11
Morocco;2012;12
Morocco;2011;12
Morocco;2010;12
Morocco;2009;12
Morocco;2008;12
Morocco;2007;12
Morocco;2006;12
Morocco;2005;12
Morocco;2004;12
Morocco;2003;35
Mozambique;2015;19
Mozambique;2014;19
Mozambique;2013;19
Mozambique;2012;19
Mozambique;2011;19
Mozambique;2010;19
Mozambique;2009;33
Mozambique;2008;33
Mozambique;2007;31
Mozambique;2006;116
Mozambique;2005;174
Mozambique;2004;174
Mozambique;2003;168
Myanmar;2015;13
Myanmar;2014;74
Myanmar;2013;74
Myanmar;2012;74
Namibia;2015;66
Namibia;2014;66
Namibia;2013;66
Namibia;2012;66
Namibia;2011;66
Namibia;2010;66
Namibia;2009;66
Namibia;2008;66
Namibia;2007;99
Namibia;2006;95
Namibia;2005;95
Namibia;2004;85
Namibia;2003;85
Nepal;2015;17
Nepal;2014;17
Nepal;2013;17
Nepal;2012;29
Nepal;2011;29
Nepal;2010;31
Nepal;2009;31
Nepal;2008;31
Nepal;2007;31
Nepal;2006;31
Nepal;2005;31
Nepal;2004;31
Nepal;2003;31
Netherlands;2015;4
Netherlands;2014;4
Netherlands;2013;4
Netherlands;2012;5
Netherlands;2011;8
Netherlands;2010;8
Netherlands;2009;8
Netherlands;2008;8
Netherlands;2007;8
Netherlands;2006;8
Netherlands;2005;9
Netherlands;2004;9
Netherlands;2003;9
New Zealand;2015;0
New Zealand;2014;0
New Zealand;2013;0
New Zealand;2012;0
New Zealand;2011;0
New Zealand;2010;0
New Zealand;2009;0
New Zealand;2008;0
New Zealand;2007;12
New Zealand;2006;12
New Zealand;2005;12
New Zealand;2004;12
New Zealand;2003;12
Nicaragua;2015;13
Nicaragua;2014;13
Nicaragua;2013;36
Nicaragua;2012;39
Nicaragua;2011;39
Nicaragua;2010;39
Nicaragua;2009;39
Nicaragua;2008;39
Nicaragua;2007;39
Nicaragua;2006;40
Nicaragua;2005;40
Nicaragua;2004;40
Nicaragua;2003;47
Niger;2015;15
Niger;2014;15
Niger;2013;17
Niger;2012;17
Niger;2011;17
Niger;2010;17
Niger;2009;17
Niger;2008;19
Niger;2007;23
Niger;2006;31
Niger;2005;35
Niger;2004;35
Niger;2003;35
Nigeria;2015;30
Nigeria;2014;30
Nigeria;2013;30
North America;2015;3
North America;2014;5
North America;2013;5
North America;2012;5
North America;2011;5
North America;2010;5
North America;2009;5
North America;2008;5
North America;2007;3
North America;2006;3
North America;2005;3
North America;2004;3
North America;2003;3
Norway;2015;4
Norway;2014;5
Norway;2013;6
Norway;2012;6
Norway;2011;6
Norway;2010;6
Norway;2009;6
Norway;2008;6
Norway;2007;8
Norway;2006;7
Norway;2005;8
Norway;2004;18
Norway;2003;18
OECD members;2015;8
OECD members;2014;9
OECD members;2013;10
OECD members;2012;10
OECD members;2011;11
OECD members;2010;13
OECD members;2009;14
OECD members;2008;14
OECD members;2007;17
OECD members;2006;20
OECD members;2005;23
OECD members;2004;30
OECD members;2003;37
Oman;2015;7
Oman;2014;7
Oman;2013;7
Oman;2012;7
Oman;2011;7
Oman;2010;11
Oman;2009;11
Oman;2008;13
Oman;2007;39
Oman;2006;42
Oman;2005;35
Oman;2004;35
Oman;2003;35
Pakistan;2015;19
Pakistan;2014;19
Pakistan;2013;19
Palau;2015;28
Palau;2014;28
Palau;2013;28
Palau;2012;28
Palau;2011;28
Palau;2010;28
Palau;2009;28
Palau;2008;28
Palau;2007;28
Palau;2006;28
Palau;2005;24
Palau;2004;24
Palau;2003;33
Panama;2015;6
Panama;2014;6
Panama;2013;6
Panama;2012;7
Panama;2011;8
Panama;2010;9
Panama;2009;12
Panama;2008;12
Panama;2007;18
Panama;2006;18
Panama;2005;18
Panama;2004;18
Panama;2003;18
Papua New Guinea;2015;53
Papua New Guinea;2014;53
Papua New Guinea;2013;53
Papua New Guinea;2012;52
Papua New Guinea;2011;52
Papua New Guinea;2010;52
Papua New Guinea;2009;52
Papua New Guinea;2008;52
Papua New Guinea;2007;52
Papua New Guinea;2006;52
Papua New Guinea;2005;52
Papua New Guinea;2004;52
Papua New Guinea;2003;52
Paraguay;2015;35
Paraguay;2014;35
Paraguay;2013;35
Paraguay;2012;35
Paraguay;2011;35
Paraguay;2010;35
Paraguay;2009;35
Paraguay;2008;35
Paraguay;2007;34
Paraguay;2006;72
Paraguay;2005;72
Paraguay;2004;72
Paraguay;2003;72
Peru;2015;26
Peru;2014;26
Peru;2013;26
Peru;2012;26
Peru;2011;26
Peru;2010;27
Peru;2009;40
Peru;2008;66
Peru;2007;74
Peru;2006;74
Peru;2005;104
Peru;2004;98
Peru;2003;98
Philippines;2015;29
Philippines;2014;34
Philippines;2013;36
Philippines;2012;36
Philippines;2011;36
Philippines;2010;37
Philippines;2009;42
Philippines;2008;41
Philippines;2007;47
Philippines;2006;47
Philippines;2005;47
Philippines;2004;49
Philippines;2003;49
Poland;2015;30
Poland;2014;30
Poland;2013;30
Poland;2012;32
Poland;2011;32
Poland;2010;32
Poland;2009;32
Poland;2008;31
Poland;2007;31
Poland;2006;31
Poland;2005;46
Poland;2004;56
Poland;2003;56
Portugal;2015;2
Portugal;2014;2
Portugal;2013;2
Portugal;2012;3
Portugal;2011;3
Portugal;2010;4
Portugal;2009;4
Portugal;2008;4
Portugal;2007;5
Portugal;2006;6
Portugal;2005;48
Portugal;2004;78
Portugal;2003;78
Puerto Rico;2015;6
Puerto Rico;2014;6
Puerto Rico;2013;6
Puerto Rico;2012;6
Puerto Rico;2011;6
Puerto Rico;2010;7
Puerto Rico;2009;7
Puerto Rico;2008;7
Puerto Rico;2007;7
Puerto Rico;2006;7
Puerto Rico;2005;7
Puerto Rico;2004;7
Puerto Rico;2003;7
Qatar;2015;8
Qatar;2014;8
Qatar;2013;8
Qatar;2012;8
Qatar;2011;8
Qatar;2010;9
Qatar;2009;7
Qatar;2008;7
Qatar;2007;7
Romania;2015;8
Romania;2014;8
Romania;2013;8
Romania;2012;9
Romania;2011;13
Romania;2010;9
Romania;2009;9
Romania;2008;9
Romania;2007;9
Romania;2006;11
Romania;2005;11
Romania;2004;28
Romania;2003;29
Russian Federation;2015;10
Russian Federation;2014;11
Russian Federation;2013;12
Rwanda;2015;5
Rwanda;2014;6
Rwanda;2013;7
Rwanda;2012;8
Rwanda;2011;7
Rwanda;2010;7
Rwanda;2009;7
Rwanda;2008;14
Rwanda;2007;16
Rwanda;2006;16
Rwanda;2005;18
Rwanda;2004;18
Rwanda;2003;18
Samoa;2015;9
Samoa;2014;9
Samoa;2013;9
Samoa;2012;9
Samoa;2011;9
Samoa;2010;9
Samoa;2009;9
Samoa;2008;35
Samoa;2007;35
Samoa;2006;35
Samoa;2005;35
Samoa;2004;42
Samoa;2003;42
San Marino;2015;16
San Marino;2014;40
San Marino;2013;40
San Marino;2012;40
Sao Tome and Principe;2015;5
Sao Tome and Principe;2014;5
Sao Tome and Principe;2013;6
Sao Tome and Principe;2012;5
Sao Tome and Principe;2011;10
Sao Tome and Principe;2010;144
Sao Tome and Principe;2009;144
Sao Tome and Principe;2008;144
Sao Tome and Principe;2007;144
Sao Tome and Principe;2006;144
Sao Tome and Principe;2005;144
Sao Tome and Principe;2004;144
Saudi Arabia;2015;19
Saudi Arabia;2014;20
Saudi Arabia;2013;20
Saudi Arabia;2012;20
Saudi Arabia;2011;23
Saudi Arabia;2010;23
Saudi Arabia;2009;23
Saudi Arabia;2008;23
Saudi Arabia;2007;23
Saudi Arabia;2006;45
Saudi Arabia;2005;70
Saudi Arabia;2004;77
Saudi Arabia;2003;77
Senegal;2015;6
Senegal;2014;6
Senegal;2013;6
Senegal;2012;6
Senegal;2011;6
Senegal;2010;9
Senegal;2009;9
Senegal;2008;9
Senegal;2007;58
Senegal;2006;57
Senegal;2005;57
Senegal;2004;57
Senegal;2003;57
Serbia;2015;12
Serbia;2014;12
Serbia;2013;12
Serbia;2012;12
Serbia;2011;13
Serbia;2010;13
Serbia;2009;13
Serbia;2008;23
Serbia;2007;23
Serbia;2006;23
Serbia;2005;23
Serbia;2004;56
Serbia;2003;56
Seychelles;2015;32
Seychelles;2014;32
Seychelles;2013;32
Seychelles;2012;33
Seychelles;2011;33
Seychelles;2010;33
Seychelles;2009;33
Seychelles;2008;33
Seychelles;2007;33
Seychelles;2006;33
Seychelles;2005;33
Sierra Leone;2015;10
Sierra Leone;2014;12
Sierra Leone;2013;12
Sierra Leone;2012;12
Sierra Leone;2011;12
Sierra Leone;2010;12
Sierra Leone;2009;12
Sierra Leone;2008;17
Sierra Leone;2007;26
Sierra Leone;2006;26
Sierra Leone;2005;26
Sierra Leone;2004;26
Sierra Leone;2003;26
Singapore;2015;2
Singapore;2014;2
Singapore;2013;2
Singapore;2012;2
Singapore;2011;2
Singapore;2010;2
Singapore;2009;2
Singapore;2008;3
Singapore;2007;5
Singapore;2006;6
Singapore;2005;6
Singapore;2004;8
Singapore;2003;8
Slovak Republic;2015;11
Slovak Republic;2014;11
Slovak Republic;2013;18
Slovak Republic;2012;13
Slovak Republic;2011;17
Slovak Republic;2010;17
Slovak Republic;2009;17
Slovak Republic;2008;17
Slovak Republic;2007;27
Slovak Republic;2006;27
Slovak Republic;2005;27
Slovak Republic;2004;52
Slovak Republic;2003;103
Slovenia;2015;6
Slovenia;2014;6
Slovenia;2013;6
Slovenia;2012;6
Slovenia;2011;6
Slovenia;2010;6
Slovenia;2009;6
Slovenia;2008;19
Slovenia;2007;60
Slovenia;2006;60
Slovenia;2005;60
Slovenia;2004;60
Slovenia;2003;60
Solomon Islands;2015;9
Solomon Islands;2014;9
Solomon Islands;2013;9
Solomon Islands;2012;7
Solomon Islands;2011;41
Solomon Islands;2010;55
Solomon Islands;2009;55
Solomon Islands;2008;55
Solomon Islands;2007;55
Solomon Islands;2006;55
Solomon Islands;2005;55
Solomon Islands;2004;55
Solomon Islands;2003;55
South Africa;2015;46
South Africa;2014;46
South Africa;2013;19
South Africa;2012;19
South Africa;2011;19
South Africa;2010;22
South Africa;2009;22
South Africa;2008;22
South Africa;2007;31
South Africa;2006;33
South Africa;2005;33
South Africa;2004;36
South Africa;2003;36
South Asia;2015;15
South Asia;2014;16
South Asia;2013;18
South Asia;2012;18
South Asia;2011;23
South Asia;2010;26
South Asia;2009;27
South Asia;2008;27
South Asia;2007;27
South Asia;2006;31
South Asia;2005;31
South Asia;2004;31
South Asia;2003;39
Spain;2015;14
Spain;2014;14
Spain;2013;24
Spain;2012;30
Spain;2011;29
Spain;2010;52
Spain;2009;61
Spain;2008;61
Spain;2007;60
Spain;2006;60
Spain;2005;70
Spain;2004;137
Spain;2003;138
Sri Lanka;2015;10
Sri Lanka;2014;11
Sri Lanka;2013;11
Sri Lanka;2012;11
Sri Lanka;2011;35
Sri Lanka;2010;38
Sri Lanka;2009;44
Sri Lanka;2008;44
Sri Lanka;2007;42
Sri Lanka;2006;46
Sri Lanka;2005;46
Sri Lanka;2004;46
Sri Lanka;2003;56
St. Kitts and Nevis;2015;18
St. Kitts and Nevis;2014;18
St. Kitts and Nevis;2013;18
St. Kitts and Nevis;2012;19
St. Kitts and Nevis;2011;19
St. Kitts and Nevis;2010;19
St. Kitts and Nevis;2009;19
St. Kitts and Nevis;2008;19
St. Kitts and Nevis;2007;19
St. Kitts and Nevis;2006;19
St. Kitts and Nevis;2005;19
St. Lucia;2015;11
St. Lucia;2014;11
St. Lucia;2013;11
St. Lucia;2012;11
St. Lucia;2011;11
St. Lucia;2010;14
St. Lucia;2009;14
St. Lucia;2008;20
St. Lucia;2007;20
St. Lucia;2006;20
St. Lucia;2005;22
St. Vincent and the Grenadines;2015;10
St. Vincent and the Grenadines;2014;10
St. Vincent and the Grenadines;2013;10
St. Vincent and the Grenadines;2012;10
St. Vincent and the Grenadines;2011;10
St. Vincent and the Grenadines;2010;10
St. Vincent and the Grenadines;2009;11
St. Vincent and the Grenadines;2008;12
St. Vincent and the Grenadines;2007;12
St. Vincent and the Grenadines;2006;12
St. Vincent and the Grenadines;2005;12
Sub-Saharan Africa (all income levels);2015;26
Sub-Saharan Africa (all income levels);2014;27
Sub-Saharan Africa (all income levels);2013;29
Sub-Saharan Africa (all income levels);2012;34
Sub-Saharan Africa (all income levels);2011;35
Sub-Saharan Africa (all income levels);2010;45
Sub-Saharan Africa (all income levels);2009;47
Sub-Saharan Africa (all income levels);2008;50
Sub-Saharan Africa (all income levels);2007;54
Sub-Saharan Africa (all income levels);2006;59
Sub-Saharan Africa (all income levels);2005;63
Sub-Saharan Africa (all income levels);2004;59
Sub-Saharan Africa (all income levels);2003;61
Sub-Saharan Africa (developing only);2015;26
Sub-Saharan Africa (developing only);2014;27
Sub-Saharan Africa (developing only);2013;29
Sub-Saharan Africa (developing only);2012;34
Sub-Saharan Africa (developing only);2011;35
Sub-Saharan Africa (developing only);2010;45
Sub-Saharan Africa (developing only);2009;48
Sub-Saharan Africa (developing only);2008;50
Sub-Saharan Africa (developing only);2007;54
Sub-Saharan Africa (developing only);2006;59
Sub-Saharan Africa (developing only);2005;63
Sub-Saharan Africa (developing only);2004;59
Sub-Saharan Africa (developing only);2003;61
Sudan;2015;36
Sudan;2014;36
Sudan;2013;36
Sudan;2012;35
Sudan;2011;35
Sudan;2010;35
Sudan;2009;35
Sudan;2008;37
Sudan;2007;37
Sudan;2006;37
Sudan;2005;37
Sudan;2004;37
Suriname;2015;84
Suriname;2014;84
Suriname;2013;204
Suriname;2012;690
Suriname;2011;690
Suriname;2010;690
Suriname;2009;690
Suriname;2008;690
Suriname;2007;689
Suriname;2006;689
Suriname;2005;697
Swaziland;2015;30
Swaziland;2014;30
Swaziland;2013;38
Swaziland;2012;56
Swaziland;2011;56
Swaziland;2010;56
Swaziland;2009;60
Swaziland;2008;60
Swaziland;2007;60
Swaziland;2006;60
Swaziland;2005;60
Sweden;2015;7
Sweden;2014;16
Sweden;2013;16
Sweden;2012;16
Sweden;2011;16
Sweden;2010;16
Sweden;2009;16
Sweden;2008;16
Sweden;2007;16
Sweden;2006;16
Sweden;2005;16
Sweden;2004;16
Sweden;2003;16
Switzerland;2015;10
Switzerland;2014;10
Switzerland;2013;18
Switzerland;2012;18
Switzerland;2011;18
Switzerland;2010;18
Switzerland;2009;18
Switzerland;2008;18
Switzerland;2007;18
Switzerland;2006;18
Switzerland;2005;18
Switzerland;2004;18
Switzerland;2003;20
Syrian Arab Republic;2015;13
Syrian Arab Republic;2014;13
Syrian Arab Republic;2013;13
Syrian Arab Republic;2012;13
Syrian Arab Republic;2011;13
Syrian Arab Republic;2010;13
Syrian Arab Republic;2009;15
Syrian Arab Republic;2008;16
Syrian Arab Republic;2007;43
Syrian Arab Republic;2006;43
Syrian Arab Republic;2005;43
Syrian Arab Republic;2004;43
Syrian Arab Republic;2003;43
Tajikistan;2015;11
Tajikistan;2014;28
Tajikistan;2013;22
Tajikistan;2012;13
Tajikistan;2011;13
Tajikistan;2010;16
Tajikistan;2009;42
Tajikistan;2008;66
Tajikistan;2007;66
Tajikistan;2006;79
Tajikistan;2005;79
Tanzania;2015;26
Tanzania;2014;26
Tanzania;2013;26
Tanzania;2012;26
Tanzania;2011;29
Tanzania;2010;29
Tanzania;2009;29
Tanzania;2008;29
Tanzania;2007;30
Tanzania;2006;31
Tanzania;2005;34
Tanzania;2004;34
Tanzania;2003;34
Thailand;2015;27
Thailand;2014;27
Thailand;2013;27
Thailand;2012;29
Thailand;2011;29
Thailand;2010;32
Thailand;2009;32
Thailand;2008;33
Thailand;2007;33
Thailand;2006;33
Thailand;2005;33
Thailand;2004;33
Thailand;2003;33
Timor-Leste;2015;9
Timor-Leste;2014;10
Timor-Leste;2013;94
Timor-Leste;2012;94
Timor-Leste;2011;94
Timor-Leste;2010;110
Timor-Leste;2009;157
Timor-Leste;2008;157
Timor-Leste;2007;158
Timor-Leste;2006;167
Timor-Leste;2005;167
Timor-Leste;2004;167
Togo;2015;10
Togo;2014;10
Togo;2013;19
Togo;2012;38
Togo;2011;84
Togo;2010;84
Togo;2009;84
Togo;2008;60
Togo;2007;60
Togo;2006;62
Togo;2005;63
Togo;2004;63
Togo;2003;74
Tonga;2015;16
Tonga;2014;16
Tonga;2013;16
Tonga;2012;16
Tonga;2011;16
Tonga;2010;25
Tonga;2009;25
Tonga;2008;25
Tonga;2007;32
Tonga;2006;32
Tonga;2005;32
Tonga;2004;32
Tonga;2003;32
Trinidad and Tobago;2015;11
Trinidad and Tobago;2014;11
Trinidad and Tobago;2013;35
Trinidad and Tobago;2012;40
Trinidad and Tobago;2011;40
Trinidad and Tobago;2010;40
Trinidad and Tobago;2009;41
Trinidad and Tobago;2008;41
Trinidad and Tobago;2007;41
Trinidad and Tobago;2006;41
Trinidad and Tobago;2005;74
Tunisia;2015;11
Tunisia;2014;11
Tunisia;2013;11
Tunisia;2012;11
Tunisia;2011;11
Tunisia;2010;11
Tunisia;2009;11
Tunisia;2008;11
Tunisia;2007;11
Tunisia;2006;11
Tunisia;2005;11
Tunisia;2004;11
Tunisia;2003;11
Turkey;2015;7
Turkey;2014;7
Turkey;2013;7
Turkey;2012;7
Turkey;2011;7
Turkey;2010;7
Turkey;2009;7
Turkey;2008;7
Turkey;2007;7
Turkey;2006;7
Turkey;2005;7
Turkey;2004;7
Turkey;2003;39
Uganda;2015;27
Uganda;2014;35
Uganda;2013;35
Uganda;2012;36
Uganda;2011;33
Uganda;2010;24
Uganda;2009;25
Uganda;2008;25
Uganda;2007;28
Uganda;2006;28
Uganda;2005;34
Uganda;2004;34
Uganda;2003;34
Ukraine;2015;7
Ukraine;2014;21
Ukraine;2013;21
Ukraine;2012;22
Ukraine;2011;24
Ukraine;2010;27
Ukraine;2009;27
Ukraine;2008;27
Ukraine;2007;27
Ukraine;2006;33
Ukraine;2005;34
Ukraine;2004;34
Ukraine;2003;40
United Arab Emirates;2015;8
United Arab Emirates;2014;8
United Arab Emirates;2013;8
United Arab Emirates;2012;8
United Arab Emirates;2011;13
United Arab Emirates;2010;15
United Arab Emirates;2009;15
United Arab Emirates;2008;18
United Arab Emirates;2007;18
United Arab Emirates;2006;19
United Arab Emirates;2005;19
United Arab Emirates;2004;19
United Arab Emirates;2003;19
United Kingdom;2015;4
United Kingdom;2014;6
United Kingdom;2013;11
United Kingdom;2012;11
United Kingdom;2011;11
United Kingdom;2010;11
United Kingdom;2009;10
United Kingdom;2008;10
United Kingdom;2007;10
United Kingdom;2006;10
United Kingdom;2005;12
United Kingdom;2004;13
United Kingdom;2003;13
United States;2015;5
United States;2014;5
United States;2013;6
Upper middle income;2015;28
Upper middle income;2014;29
Upper middle income;2013;31
Upper middle income;2012;42
Upper middle income;2011;42
Upper middle income;2010;43
Upper middle income;2009;45
Upper middle income;2008;49
Upper middle income;2007;54
Upper middle income;2006;58
Upper middle income;2005;63
Upper middle income;2004;51
Upper middle income;2003;55
Uruguay;2015;6
Uruguay;2014;6
Uruguay;2013;6
Uruguay;2012;6
Uruguay;2011;6
Uruguay;2010;64
Uruguay;2009;64
Uruguay;2008;43
Uruguay;2007;43
Uruguay;2006;43
Uruguay;2005;45
Uruguay;2004;45
Uruguay;2003;45
Uzbekistan;2015;6
Uzbekistan;2014;8
Uzbekistan;2013;8
Uzbekistan;2012;12
Uzbekistan;2011;14
Uzbekistan;2010;15
Uzbekistan;2009;15
Uzbekistan;2008;15
Uzbekistan;2007;15
Uzbekistan;2006;29
Uzbekistan;2005;29
Uzbekistan;2004;29
Uzbekistan;2003;29
Vanuatu;2015;35
Vanuatu;2014;35
Vanuatu;2013;35
Vanuatu;2012;33
Vanuatu;2011;33
Vanuatu;2010;47
Vanuatu;2009;47
Vanuatu;2008;47
Vanuatu;2007;47
Vanuatu;2006;47
Vanuatu;2005;47
Vanuatu;2004;47
Vanuatu;2003;47
Venezuela, RB;2015;144
Venezuela, RB;2014;144
Venezuela, RB;2013;144
Venezuela, RB;2012;144
Venezuela, RB;2011;141
Venezuela, RB;2010;141
Venezuela, RB;2009;141
Venezuela, RB;2008;141
Venezuela, RB;2007;142
Venezuela, RB;2006;143
Venezuela, RB;2005;143
Venezuela, RB;2004;143
Venezuela, RB;2003;143
Vietnam;2015;20
Vietnam;2014;34
Vietnam;2013;34
Vietnam;2012;32
Vietnam;2011;36
Vietnam;2010;36
Vietnam;2009;37
Vietnam;2008;37
Vietnam;2007;37
Vietnam;2006;47
Vietnam;2005;42
Vietnam;2004;48
Vietnam;2003;62
West Bank and Gaza;2015;44
West Bank and Gaza;2014;44
West Bank and Gaza;2013;45
West Bank and Gaza;2012;47
West Bank and Gaza;2011;47
West Bank and Gaza;2010;48
West Bank and Gaza;2009;48
West Bank and Gaza;2008;48
West Bank and Gaza;2007;92
West Bank and Gaza;2006;93
West Bank and Gaza;2005;93
West Bank and Gaza;2004;93
World;2015;20
World;2014;22
World;2013;24
World;2012;29
World;2011;29
World;2010;34
World;2009;36
World;2008;38
World;2007;42
World;2006;46
World;2005;49
World;2004;47
World;2003;49
Yemen, Rep.;2015;40
Yemen, Rep.;2014;40
Yemen, Rep.;2013;40
Yemen, Rep.;2012;40
Yemen, Rep.;2011;12
Yemen, Rep.;2010;12
Yemen, Rep.;2009;12
Yemen, Rep.;2008;13
Yemen, Rep.;2007;63
Yemen, Rep.;2006;63
Yemen, Rep.;2005;63
Yemen, Rep.;2004;63
Yemen, Rep.;2003;72
Zambia;2015;7
Zambia;2014;7
Zambia;2013;7
Zambia;2012;17
Zambia;2011;18
Zambia;2010;18
Zambia;2009;18
Zambia;2008;18
Zambia;2007;33
Zambia;2006;35
Zambia;2005;35
Zambia;2004;35
Zambia;2003;35
Zimbabwe;2015;90
Zimbabwe;2014;90
Zimbabwe;2013;90
Zimbabwe;2012;86
Zimbabwe;2011;86
Zimbabwe;2010;86
Zimbabwe;2009;93
Zimbabwe;2008;93
Zimbabwe;2007;93
Zimbabwe;2006;93
Zimbabwe;2005;93
Zimbabwe;2004;93
Zimbabwe;2003;131
